time,x,y
0.012897014617919922,377.0,68.0
0.03583121299743652,377.0,68.0
0.05558419227600098,377.0,68.0
0.08431863784790039,378.0,68.0
0.10329699516296387,378.0,68.0
0.132216215133667,377.0,68.0
0.153181791305542,378.0,68.0
0.17917275428771973,378.0,68.0
0.2001206874847412,378.0,68.0
0.2248549461364746,378.0,68.0
0.2527768611907959,378.0,68.0
0.28173065185546875,378.0,68.0
0.3056354522705078,378.0,68.0
0.33057188987731934,378.0,68.0
0.35051512718200684,378.0,68.0
0.3774745464324951,378.0,68.0
0.40038204193115234,377.0,68.0
0.42531561851501465,378.0,68.0
0.4542512893676758,377.0,68.0
0.48216748237609863,378.0,68.0
0.4961237907409668,378.0,68.0
0.5200650691986084,377.0,68.0
0.5499787330627441,378.0,68.0
0.5818948745727539,378.0,68.0
0.611835241317749,377.0,68.0
0.6447257995605469,378.0,68.0
0.6746523380279541,378.0,68.0
0.7065620422363281,378.0,68.0
0.7434704303741455,378.0,69.0
0.7683954238891602,378.0,69.0
0.7963213920593262,378.0,68.0
0.8162727355957031,377.0,68.0
0.8431975841522217,378.0,68.0
0.8621551990509033,378.0,68.0
0.8890728950500488,378.0,68.0
0.9169998168945312,377.0,68.0
0.9379448890686035,377.0,68.0
0.9658787250518799,378.0,68.0
0.9947900772094727,377.0,68.0
1.0316927433013916,378.0,68.0
1.0546300411224365,378.0,68.0
1.1025035381317139,378.0,69.0
1.133420705795288,378.0,68.0
1.1523685455322266,378.0,68.0
1.1763100624084473,378.0,68.0
1.198246717453003,377.0,68.0
1.2191922664642334,378.0,68.0
1.2381415367126465,377.0,68.0
1.277038335800171,377.0,68.0
1.2969825267791748,377.0,68.0
1.3229131698608398,377.0,68.0
1.3518319129943848,377.0,68.0
1.3857412338256836,377.0,68.0
1.421647548675537,377.0,68.0
1.4496047496795654,377.0,68.0
1.4814879894256592,377.0,68.0
1.503434658050537,377.0,68.0
1.5223779678344727,377.0,68.0
1.5503039360046387,377.0,68.0
1.57423734664917,377.0,68.0
1.6131346225738525,377.0,68.0
1.676966905593872,377.0,68.0
1.7028985023498535,377.0,68.0
1.771712064743042,377.0,68.0
1.7946510314941406,377.0,68.0
1.8285579681396484,377.0,68.0
1.8724431991577148,377.0,68.0
1.9013643264770508,377.0,68.0
1.9332795143127441,377.0,68.0
1.962202548980713,377.0,68.0
2.013064384460449,377.0,68.0
2.0459771156311035,377.0,68.0
2.072906017303467,377.0,68.0
2.093850612640381,377.0,68.0
2.1217758655548096,377.0,68.0
2.159679889678955,377.0,68.0
2.1975724697113037,377.0,68.0
2.219512939453125,377.0,68.0
2.24843430519104,377.0,68.0
2.2843406200408936,377.0,68.0
2.303288459777832,378.0,68.0
2.3411900997161865,377.0,68.0
2.403024196624756,377.0,68.0
2.4798169136047363,377.0,68.0
2.5266950130462646,377.0,68.0
2.5655877590179443,377.0,68.0
2.585533380508423,377.0,68.0
2.610470771789551,377.0,68.0
2.6344027519226074,377.0,68.0
2.6693098545074463,377.0,68.0
2.6952481269836426,377.0,68.0
2.7341370582580566,377.0,68.0
2.7600719928741455,377.0,68.0
2.7805325984954834,377.0,68.0
2.8054957389831543,377.0,68.0
2.8244192600250244,377.0,68.0
2.8453595638275146,377.0,68.0
2.8663055896759033,377.0,68.0
2.8982174396514893,377.0,68.0
2.9131760597229004,377.0,68.0
2.9460885524749756,377.0,68.0
2.9680356979370117,377.0,68.0
2.9999427795410156,377.0,68.0
3.035856008529663,378.0,68.0
3.06876802444458,378.0,68.0
3.0917019844055176,378.0,68.0
3.1116442680358887,378.0,68.0
3.139570713043213,378.0,68.0
3.16550350189209,378.0,69.0
3.1994104385375977,378.0,68.0
3.228332996368408,378.0,68.0
3.2602601051330566,377.0,68.0
3.2841849327087402,378.0,68.0
3.320101022720337,378.0,68.0
3.3559916019439697,378.0,68.0
3.3849146366119385,378.0,68.0
3.4108450412750244,378.0,68.0
3.4447546005249023,378.0,68.0
3.473677158355713,378.0,69.0
3.4916293621063232,377.0,68.0
3.5195555686950684,377.0,68.0
3.5375068187713623,378.0,68.0
3.5604443550109863,377.0,68.0
3.5794100761413574,378.0,68.0
3.6063292026519775,378.0,68.0
3.6242761611938477,377.0,68.0
3.6452178955078125,378.0,68.0
3.66217303276062,377.0,68.0
3.693089723587036,377.0,68.0
3.725006103515625,377.0,68.0
3.746952772140503,377.0,68.0
3.765897274017334,377.0,68.0
3.802797317504883,377.0,68.0
3.819753646850586,377.0,68.0
3.842691421508789,378.0,68.0
3.8596458435058594,377.0,68.0
3.8885674476623535,377.0,68.0
3.9095120429992676,377.0,68.0
3.933448076248169,377.0,68.0
3.957383632659912,377.0,68.0
3.972343921661377,377.0,68.0
3.99229097366333,377.0,68.0
4.013232707977295,377.0,68.0
4.041159152984619,377.0,68.0
4.05811619758606,377.0,68.0
4.085045099258423,377.0,68.0
4.120041847229004,377.0,68.0
4.149961709976196,377.0,68.0
4.172903060913086,377.0,68.0
4.197834014892578,377.0,68.0
4.224761247634888,378.0,68.0
4.248697280883789,377.0,68.0
4.274628162384033,377.0,68.0
4.2935791015625,377.0,68.0
4.312527894973755,377.0,68.0
4.3314831256866455,378.0,68.0
4.34942889213562,377.0,68.0
4.371370553970337,377.0,68.0
4.390321254730225,377.0,68.0
4.407275915145874,377.0,68.0
4.437192916870117,377.0,68.0
4.457141876220703,378.0,68.0
4.478090763092041,378.0,68.0
4.498032808303833,377.0,68.0
4.533939361572266,378.0,68.0
4.55587911605835,378.0,68.0
4.586796045303345,377.0,68.0
4.6027512550354,377.0,68.0
4.634666204452515,377.0,68.0
4.669583797454834,377.0,68.0
4.689519643783569,378.0,68.0
4.713459491729736,378.0,68.0
4.736395359039307,378.0,68.0
4.7573401927948,377.0,68.0
4.78028130531311,378.0,68.0
4.7982354164123535,378.0,68.0
4.8201704025268555,378.0,68.0
4.837125062942505,377.0,68.0
4.859066724777222,378.0,68.0
4.890988349914551,378.0,68.0
4.915915012359619,378.0,68.0
4.9328696727752686,377.0,68.0
4.953819751739502,378.0,68.0
4.969770908355713,378.0,69.0
4.989718198776245,378.0,68.0
5.01066255569458,378.0,68.0
5.040580987930298,378.0,69.0
5.0595316886901855,378.0,68.0
5.0794782638549805,378.0,68.0
5.103414535522461,378.0,68.0
5.120367527008057,378.0,68.0
5.142308473587036,377.0,68.0
5.1682422161102295,378.0,68.0
5.186197519302368,378.0,68.0
5.203145980834961,378.0,68.0
5.226084470748901,378.0,68.0
5.243041753768921,378.0,68.0
5.27894401550293,378.0,68.0
5.309861660003662,378.0,69.0
5.335790395736694,378.0,69.0
5.356736421585083,378.0,69.0
5.373690605163574,378.0,69.0
5.39563775062561,378.0,68.0
5.428544521331787,378.0,68.0
5.464446783065796,378.0,68.0
5.491374492645264,378.0,68.0
5.516308546066284,378.0,69.0
5.538248538970947,378.0,68.0
5.556206703186035,378.0,68.0
5.594100475311279,378.0,69.0
5.618036508560181,378.0,68.0
5.643966913223267,378.0,68.0
5.662924528121948,378.0,69.0
5.682866096496582,378.0,68.0
5.7038092613220215,378.0,68.0
5.724750280380249,378.0,69.0
5.745701789855957,378.0,69.0
5.766638994216919,378.0,69.0
5.800549030303955,378.0,68.0
5.8284752368927,378.0,68.0
5.863379716873169,378.0,69.0
5.888317823410034,378.0,69.0
5.904275417327881,378.0,69.0
5.938181400299072,378.0,68.0
5.966107368469238,378.0,69.0
5.986056089401245,378.0,69.0
6.005003213882446,378.0,69.0
6.0289366245269775,378.0,69.0
6.05885910987854,378.0,69.0
6.075817584991455,378.0,69.0
6.10573148727417,378.0,69.0
6.137646436691284,378.0,68.0
6.168564796447754,378.0,69.0
6.203472375869751,378.0,69.0
6.2264111042022705,378.0,68.0
6.241371154785156,378.0,68.0
6.259321451187134,378.0,69.0
6.278277397155762,378.0,68.0
6.3121795654296875,378.0,68.0
6.338111400604248,378.0,69.0
6.369028091430664,378.0,69.0
6.398949384689331,378.0,68.0
6.415903329849243,378.0,69.0
6.443828105926514,378.0,68.0
6.467763662338257,378.0,69.0
6.49371075630188,378.0,69.0
6.520625829696655,378.0,69.0
6.537576675415039,377.0,68.0
6.566499710083008,378.0,68.0
6.59841513633728,378.0,68.0
6.625341892242432,378.0,68.0
6.646289587020874,378.0,68.0
6.673217296600342,378.0,69.0
6.691166400909424,378.0,69.0
6.719092130661011,378.0,69.0
6.7370445728302,378.0,68.0
6.7639734745025635,378.0,68.0
6.7839202880859375,378.0,69.0
6.811843395233154,378.0,69.0
6.831791639328003,378.0,69.0
6.856723070144653,378.0,69.0
6.873678207397461,378.0,68.0
6.9105870723724365,378.0,68.0
6.93651270866394,378.0,69.0
6.96743106842041,378.0,68.0
7.001338243484497,378.0,69.0
7.02926230430603,378.0,68.0
7.05918288230896,378.0,69.0
7.077134370803833,378.0,68.0
7.107069730758667,378.0,69.0
7.142957448959351,378.0,69.0
7.163904428482056,378.0,69.0
7.1868414878845215,378.0,68.0
7.214772939682007,378.0,68.0
7.242702484130859,378.0,69.0
7.258652210235596,378.0,69.0
7.295562267303467,378.0,69.0
7.322479724884033,378.0,68.0
7.350404500961304,378.0,69.0
7.367358446121216,378.0,69.0
7.397280693054199,378.0,68.0
7.419220447540283,378.0,69.0
7.444152355194092,378.0,68.0
7.47905969619751,378.0,69.0
7.505988121032715,378.0,69.0
7.53791069984436,377.0,68.0
7.555858850479126,378.0,68.0
7.577803373336792,378.0,68.0
7.5937581062316895,378.0,68.0
7.62168288230896,378.0,68.0
7.638637542724609,378.0,68.0
7.662588596343994,378.0,68.0
7.680525302886963,378.0,69.0
7.706457138061523,378.0,69.0
7.724409580230713,378.0,68.0
7.743360280990601,378.0,68.0
7.768291473388672,378.0,69.0
7.802201509475708,378.0,69.0
7.8331286907196045,378.0,69.0
7.864035129547119,378.0,68.0
7.892957448959351,378.0,68.0
7.911907911300659,378.0,68.0
7.9358437061309814,378.0,68.0
7.955789089202881,378.0,68.0
7.980724573135376,378.0,68.0
8.00266432762146,378.0,69.0
8.026600122451782,378.0,69.0
8.050536155700684,378.0,69.0
8.082486152648926,377.0,68.0
8.113394021987915,378.0,69.0
8.143315553665161,378.0,68.0
8.176223754882812,378.0,69.0
8.19118332862854,378.0,69.0
8.225093603134155,378.0,68.0
8.249029636383057,378.0,68.0
8.266982793807983,378.0,68.0
8.289918661117554,378.0,68.0
8.321839332580566,378.0,68.0
8.344776153564453,378.0,68.0
8.362731218338013,378.0,69.0
8.384713649749756,378.0,69.0
8.407653093338013,378.0,69.0
8.431591272354126,378.0,69.0
8.453531265258789,378.0,69.0
8.478464126586914,378.0,69.0
8.504397869110107,378.0,68.0
8.539301872253418,378.0,68.0
8.555261611938477,378.0,69.0
8.575212001800537,378.0,68.0
8.594153881072998,378.0,68.0
8.617095708847046,378.0,69.0
8.63905143737793,378.0,68.0
8.66795802116394,378.0,69.0
8.686908483505249,378.0,68.0
8.71383547782898,378.0,69.0
8.729845523834229,378.0,68.0
8.749745845794678,378.0,68.0
8.776667356491089,378.0,69.0
8.795614957809448,378.0,68.0
8.822543382644653,378.0,68.0
8.846479415893555,378.0,68.0
8.863434791564941,378.0,69.0
8.880393505096436,378.0,69.0
8.899338960647583,378.0,69.0
8.93025541305542,378.0,69.0
8.9541916847229,378.0,68.0
8.970149278640747,378.0,69.0
8.99308729171753,378.0,68.0
9.011038780212402,378.0,68.0
9.038964748382568,378.0,68.0
9.072874546051025,378.0,69.0
9.086836338043213,378.0,68.0
9.119749546051025,378.0,68.0
9.145681142807007,378.0,68.0
9.175670623779297,378.0,68.0
9.192625284194946,378.0,68.0
9.212576627731323,378.0,69.0
9.239501714706421,378.0,69.0
9.256459474563599,378.0,68.0
9.290364265441895,378.0,69.0
9.319291353225708,378.0,69.0
9.345221281051636,378.0,69.0
9.36217212677002,378.0,69.0
9.400074243545532,378.0,68.0
9.424010515213013,378.0,68.0
9.459911823272705,378.0,68.0
9.484548091888428,378.0,69.0
9.512470006942749,378.0,68.0
9.544385194778442,378.0,68.0
9.574008464813232,378.0,68.0
9.590959548950195,378.0,68.0
9.620841026306152,378.0,69.0
9.638795137405396,378.0,69.0
9.669736385345459,378.0,69.0
9.705619096755981,378.0,68.0
9.728551864624023,378.0,68.0
9.756475925445557,378.0,68.0
9.779414892196655,378.0,69.0
9.80833911895752,378.0,68.0
9.827287197113037,378.0,68.0
9.844242811203003,378.0,68.0
9.870180606842041,378.0,69.0
9.907074213027954,378.0,69.0
9.931010246276855,378.0,69.0
9.96192741394043,378.0,69.0
9.978882074356079,378.0,69.0
10.015788793563843,378.0,68.0
10.037725448608398,378.0,68.0
10.057709693908691,378.0,68.0
10.072631597518921,378.0,68.0
10.100934982299805,379.0,69.0
10.120881795883179,378.0,69.0
10.143825769424438,378.0,68.0
10.159778833389282,378.0,68.0
10.179192543029785,378.0,68.0
10.219088792800903,379.0,69.0
10.243284702301025,378.0,68.0
10.269212484359741,378.0,68.0
10.290157079696655,378.0,69.0
10.323070049285889,378.0,69.0
10.353986024856567,378.0,69.0
10.378918647766113,378.0,69.0
10.39387845993042,378.0,68.0
10.431783199310303,378.0,68.0
10.456710815429688,378.0,69.0
10.473668098449707,378.0,69.0
10.504587411880493,379.0,69.0
10.534505844116211,378.0,69.0
10.562429428100586,378.0,69.0
10.579384326934814,379.0,69.0
10.609302282333374,378.0,68.0
10.626256942749023,379.0,69.0
10.656177520751953,378.0,69.0
10.673140287399292,378.0,68.0
10.697070121765137,378.0,68.0
10.720012664794922,378.0,69.0
10.750927925109863,379.0,69.0
10.783840417861938,379.0,69.0
10.809766292572021,379.0,68.0
10.827719449996948,379.0,68.0
10.859666347503662,379.0,69.0
10.887592077255249,379.0,69.0
10.904545545578003,379.0,69.0
10.939452409744263,379.0,68.0
10.955409288406372,379.0,69.0
10.982338428497314,379.0,68.0
11.00128984451294,379.0,69.0
11.025225162506104,379.0,68.0
11.04716420173645,379.0,68.0
11.072101831436157,378.0,68.0
11.095036506652832,378.0,69.0
11.11102557182312,378.0,68.0
11.14490294456482,379.0,68.0
11.173826217651367,379.0,68.0
11.199757814407349,378.0,68.0
11.228679418563843,379.0,68.0
11.246636152267456,379.0,68.0
11.277550458908081,379.0,68.0
11.295501470565796,378.0,68.0
11.322430849075317,378.0,69.0
11.345409393310547,379.0,68.0
11.367310285568237,378.0,68.0
11.40221619606018,379.0,68.0
11.423160076141357,378.0,68.0
11.446098566055298,379.0,68.0
11.472029447555542,379.0,68.0
11.490978002548218,378.0,68.0
11.522895812988281,379.0,68.0
11.55481219291687,379.0,68.0
11.585724592208862,379.0,68.0
11.612652063369751,379.0,68.0
11.635591745376587,379.0,68.0
11.663522958755493,379.0,69.0
11.691441297531128,378.0,68.0
11.717374563217163,379.0,68.0
11.742305755615234,379.0,68.0
11.774220705032349,379.0,69.0
11.79616379737854,379.0,68.0
11.817109823226929,379.0,68.0
11.837052583694458,378.0,68.0
11.85700249671936,379.0,68.0
11.874951124191284,379.0,68.0
11.890909194946289,378.0,68.0
11.91883397102356,378.0,68.0
11.951749086380005,378.0,68.0
11.980668783187866,379.0,69.0
11.999626398086548,379.0,69.0
12.02953815460205,379.0,68.0
12.047495603561401,379.0,69.0
12.075414657592773,379.0,68.0
12.091373682022095,379.0,69.0
12.116305351257324,378.0,68.0
12.135263204574585,378.0,68.0
12.156201601028442,379.0,68.0
12.200084209442139,378.0,68.0
12.230998754501343,379.0,68.0
12.248950481414795,379.0,68.0
12.267900705337524,379.0,68.0
12.29383111000061,379.0,69.0
12.327740907669067,379.0,68.0
12.346692562103271,379.0,69.0
12.370625019073486,379.0,68.0
12.387579679489136,378.0,68.0
12.42149043083191,378.0,68.0
12.440443754196167,378.0,68.0
12.46038556098938,379.0,69.0
12.48233413696289,379.0,68.0
12.515242099761963,379.0,69.0
12.540173530578613,379.0,68.0
12.570093154907227,378.0,68.0
12.603005170822144,378.0,68.0
12.629937887191772,378.0,68.0
12.650883436203003,378.0,68.0
12.674811601638794,378.0,68.0
12.69974660873413,379.0,68.0
12.723680973052979,378.0,68.0
12.753602504730225,378.0,68.0
12.780530452728271,378.0,68.0
12.80247449874878,378.0,68.0
12.83638048171997,378.0,68.0
12.860320091247559,378.0,68.0
12.883254766464233,378.0,68.0
12.897218465805054,379.0,68.0
12.915169477462769,379.0,68.0
12.9331214427948,379.0,68.0
12.9490807056427,378.0,68.0
12.977018117904663,378.0,68.0
13.004929304122925,378.0,68.0
13.034849882125854,378.0,68.0
13.053811311721802,378.0,68.0
13.086712121963501,378.0,68.0
13.11566686630249,378.0,68.0
13.139577150344849,378.0,68.0
13.16250991821289,378.0,68.0
13.19442367553711,378.0,68.0
13.216368913650513,378.0,68.0
13.241297245025635,378.0,68.0
13.27622652053833,378.0,68.0
13.29715085029602,378.0,68.0
13.315099000930786,379.0,68.0
13.33305287361145,378.0,68.0
13.355990886688232,378.0,68.0
13.378931760787964,378.0,68.0
13.397878646850586,379.0,69.0
13.434305667877197,378.0,68.0
13.450260877609253,378.0,68.0
13.472214937210083,379.0,69.0
13.50711727142334,378.0,68.0
13.539023876190186,378.0,68.0
13.566957473754883,379.0,68.0
13.595874071121216,378.0,68.0
13.62180471420288,378.0,69.0
13.6427481174469,378.0,68.0
13.662693500518799,378.0,68.0
13.680644750595093,379.0,69.0
13.697601079940796,379.0,68.0
13.72153615951538,379.0,68.0
13.7584388256073,379.0,69.0
13.781379461288452,379.0,68.0
13.813289880752563,379.0,68.0
13.83024525642395,379.0,68.0
13.866148471832275,379.0,68.0
13.882132530212402,379.0,69.0
13.898066759109497,379.0,69.0
13.921008825302124,379.0,69.0
13.94294285774231,379.0,68.0
13.969871282577515,379.0,68.0
14.002785682678223,378.0,69.0
14.03071403503418,379.0,69.0
14.060628652572632,379.0,69.0
14.090550422668457,379.0,68.0
14.107503890991211,379.0,68.0
14.130443334579468,379.0,68.0
14.157374858856201,379.0,69.0
14.185296297073364,379.0,69.0
14.210238218307495,379.0,68.0
14.233168125152588,379.0,69.0
14.249127388000488,378.0,68.0
14.268089771270752,378.0,68.0
14.297993659973145,379.0,69.0
14.326918125152588,379.0,68.0
14.360825300216675,379.0,69.0
14.389753103256226,379.0,68.0
14.419670820236206,379.0,69.0
14.453579425811768,379.0,69.0
14.481503963470459,378.0,68.0
14.50244951248169,379.0,68.0
14.530372381210327,379.0,68.0
14.55331301689148,379.0,68.0
14.58024001121521,379.0,68.0
14.604175567626953,379.0,68.0
14.642080545425415,379.0,68.0
14.665012836456299,379.0,68.0
14.693937063217163,379.0,68.0
14.71188759803772,379.0,68.0
14.740824460983276,379.0,68.0
14.772724151611328,378.0,69.0
14.79466724395752,379.0,68.0
14.81959843635559,379.0,68.0
14.847524404525757,378.0,68.0
14.869466781616211,379.0,68.0
14.895397186279297,379.0,68.0
14.925316095352173,379.0,68.0
14.941447019577026,378.0,68.0
14.972362995147705,379.0,68.0
14.989320039749146,379.0,68.0
15.0082688331604,379.0,69.0
15.037194013595581,379.0,68.0
15.069103717803955,378.0,68.0
15.097028970718384,379.0,68.0
15.11398434638977,379.0,68.0
15.15687370300293,379.0,68.0
15.173826694488525,379.0,68.0
15.195765972137451,379.0,68.0
15.210727453231812,378.0,68.0
15.226686477661133,378.0,68.0
15.249624729156494,379.0,68.0
15.273557424545288,378.0,68.0
15.296496152877808,378.0,68.0
15.313451290130615,379.0,68.0
15.331405639648438,379.0,68.0
15.360326051712036,378.0,68.0
15.376285552978516,379.0,68.0
15.407234191894531,379.0,68.0
15.442107677459717,379.0,68.0
15.46404767036438,379.0,68.0
15.489981889724731,379.0,68.0
15.51591157913208,379.0,68.0
15.542837381362915,379.0,68.0
15.561786651611328,378.0,68.0
15.581739902496338,379.0,68.0
15.606190919876099,379.0,69.0
15.643094062805176,379.0,68.0
15.68598198890686,379.0,68.0
15.707917928695679,379.0,69.0
15.727871179580688,379.0,68.0
15.752802848815918,379.0,68.0
15.78671407699585,379.0,68.0
15.817625045776367,379.0,68.0
15.849539995193481,379.0,68.0
15.874475479125977,379.0,68.0
15.90041184425354,379.0,68.0
15.934313774108887,379.0,68.0
15.959249019622803,379.0,69.0
15.978207349777222,379.0,68.0
16.008116245269775,379.0,68.0
16.039034366607666,379.0,68.0
16.07294273376465,379.0,68.0
16.099870681762695,379.0,68.0
16.12879991531372,379.0,68.0
16.154725790023804,379.0,69.0
16.178659677505493,379.0,68.0
16.21257185935974,379.0,68.0
16.236506938934326,379.0,68.0
16.255460739135742,379.0,68.0
16.286377668380737,379.0,68.0
16.321279287338257,379.0,68.0
16.348207712173462,379.0,69.0
16.366158962249756,379.0,69.0
16.388101816177368,379.0,69.0
16.422014474868774,379.0,68.0
16.441956520080566,379.0,69.0
16.468888759613037,379.0,68.0
16.49581289291382,379.0,69.0
16.515762329101562,379.0,69.0
16.5446879863739,379.0,68.0
16.5785915851593,379.0,68.0
16.605518579483032,379.0,68.0
16.636436223983765,379.0,68.0
16.671344995498657,379.0,68.0
16.69727349281311,379.0,68.0
16.72920274734497,379.0,68.0
16.756115913391113,379.0,68.0
16.792019844055176,379.0,68.0
16.82094407081604,379.0,68.0
16.850863456726074,379.0,68.0
16.867816925048828,379.0,68.0
16.89374876022339,379.0,68.0
16.911699771881104,379.0,68.0
16.92965292930603,379.0,68.0
16.95757746696472,379.0,68.0
16.97553300857544,379.0,68.0
17.00246000289917,379.0,68.0
17.027392625808716,379.0,68.0
17.05731439590454,379.0,68.0
17.080249547958374,379.0,68.0
17.09919786453247,379.0,68.0
17.127125024795532,379.0,68.0
17.145076990127563,379.0,68.0
17.174996376037598,379.0,68.0
17.190953254699707,379.0,69.0
17.221871376037598,379.0,68.0
17.25678014755249,379.0,68.0
17.281710624694824,379.0,68.0
17.304649829864502,379.0,68.0
17.329585075378418,379.0,68.0
17.35950231552124,379.0,68.0
17.376457452774048,379.0,68.0
17.40737533569336,379.0,68.0
17.44028663635254,379.0,68.0
17.46920919418335,379.0,68.0
17.492148637771606,379.0,68.0
17.520080089569092,379.0,68.0
17.54800057411194,379.0,68.0
17.566948652267456,379.0,68.0
17.59387516975403,379.0,68.0
17.62380075454712,379.0,68.0
17.641748905181885,379.0,68.0
17.67266535758972,379.0,68.0
17.70063591003418,379.0,68.0
17.732550621032715,379.0,68.0
17.763468503952026,379.0,68.0
17.79338812828064,379.0,68.0
17.830289125442505,379.0,68.0
17.853232860565186,379.0,68.0
17.869184970855713,379.0,68.0
17.90309453010559,379.0,68.0
17.92902421951294,379.0,68.0
17.961977243423462,379.0,68.0
17.99385166168213,379.0,68.0
18.020780324935913,379.0,68.0
18.04970383644104,379.0,68.0
18.0736403465271,379.0,68.0
18.102561473846436,379.0,68.0
18.136472702026367,383.0,68.0
18.162400484085083,385.0,68.0
18.192323684692383,387.0,67.0
18.228229522705078,392.0,66.0
18.252161502838135,394.0,67.0
18.282082319259644,397.0,67.0
18.31998109817505,413.0,66.0
18.343916177749634,418.0,66.0
18.372839212417603,422.0,66.0
18.403754949569702,426.0,67.0
18.43123722076416,434.0,66.0
18.456613540649414,439.0,66.0
18.480549812316895,439.0,66.0
18.513462781906128,456.0,66.0
18.543383359909058,461.0,66.0
18.575296640396118,479.0,66.0
18.609206199645996,483.0,65.0
18.635136365890503,487.0,66.0
18.666053295135498,504.0,65.0
18.710936784744263,510.0,65.0
18.728885650634766,513.0,65.0
18.747836589813232,518.0,65.0
18.77576184272766,522.0,65.0
18.819650411605835,526.0,65.0
18.8435800075531,532.0,65.0
18.868512630462646,552.0,64.0
18.88448476791382,552.0,64.0
18.919376850128174,556.0,64.0
18.94531273841858,561.0,64.0
18.97921657562256,578.0,63.0
19.009138345718384,583.0,63.0
19.039313793182373,600.0,63.0
19.06125497817993,603.0,63.0
19.077214241027832,607.0,63.0
19.103142261505127,612.0,63.0
19.13705325126648,616.0,62.0
19.16398000717163,620.0,62.0
19.178939819335938,625.0,62.0
19.21485424041748,642.0,62.0
19.245769500732422,647.0,62.0
19.27069330215454,651.0,62.0
19.301610946655273,655.0,62.0
19.330533266067505,664.0,62.0
19.35147762298584,674.0,62.0
19.377408981323242,676.0,62.0
19.396358489990234,678.0,62.0
19.431264877319336,679.0,62.0
19.458210229873657,681.0,63.0
19.493099212646484,681.0,63.0
19.51703429222107,681.0,63.0
19.55095410346985,681.0,63.0
19.596823692321777,681.0,64.0
19.6177761554718,681.0,64.0
19.64173460006714,682.0,64.0
19.66165328025818,682.0,64.0
19.688576698303223,682.0,64.0
19.710528135299683,681.0,64.0
19.735450506210327,681.0,64.0
19.76437544822693,682.0,64.0
19.788309574127197,681.0,64.0
19.818230390548706,682.0,64.0
19.847153186798096,682.0,64.0
19.865105390548706,682.0,64.0
19.90001153945923,681.0,64.0
19.91896104812622,681.0,64.0
19.935915231704712,682.0,65.0
19.952897548675537,681.0,65.0
19.96882724761963,682.0,64.0
19.992768049240112,682.0,64.0
20.019691944122314,682.0,65.0
20.04963707923889,681.0,65.0
20.07354712486267,682.0,65.0
20.09748339653015,682.0,65.0
20.127403497695923,683.0,65.0
20.145366191864014,681.0,65.0
20.176273107528687,678.0,65.0
20.198213577270508,677.0,65.0
20.223174571990967,676.0,66.0
20.25406503677368,673.0,66.0
20.270036935806274,671.0,66.0
20.285979509353638,670.0,67.0
20.304929494857788,669.0,67.0
20.331868171691895,661.0,67.0
20.34981608390808,658.0,68.0
20.39668560028076,649.0,68.0
20.4266037940979,644.0,68.0
20.46151065826416,640.0,68.0
20.489436388015747,636.0,68.0
20.514370441436768,618.0,69.0
20.53431463241577,618.0,69.0
20.560248374938965,614.0,68.0
20.593159437179565,596.0,69.0
20.63006329536438,591.0,69.0
20.66050410270691,587.0,69.0
20.68571901321411,569.0,69.0
20.700448989868164,565.0,69.0
20.73236346244812,561.0,69.0
20.76228404045105,556.0,69.0
20.791205167770386,552.0,69.0
20.811152696609497,543.0,69.0
20.848053455352783,526.0,69.0
20.87598180770874,522.0,69.0
20.90191078186035,522.0,69.0
20.93881058692932,513.0,69.0
20.968734741210938,500.0,69.0
20.994661569595337,496.0,69.0
21.023584365844727,491.0,69.0
21.040565490722656,487.0,69.0
21.0694637298584,471.0,69.0
21.10038733482361,466.0,69.0
21.131297826766968,462.0,69.0
21.16121816635132,457.0,69.0
21.179168462753296,453.0,69.0
21.21008586883545,431.0,69.0
21.23904824256897,426.0,69.0
21.270922660827637,422.0,69.0
21.300842761993408,418.0,69.0
21.33176064491272,414.0,69.0
21.360705852508545,402.0,69.0
21.39758539199829,398.0,69.0
21.429500341415405,395.0,69.0
21.45343565940857,395.0,69.0
21.4843533039093,395.0,69.0
21.52324914932251,395.0,69.0
21.547188758850098,394.0,69.0
21.57511305809021,395.0,69.0
21.611013650894165,395.0,69.0
21.637940883636475,394.0,69.0
21.668858528137207,394.0,69.0
21.697782516479492,395.0,69.0
21.7346830368042,395.0,69.0
21.763611316680908,394.0,69.0
21.794049978256226,394.0,69.0
21.824976444244385,394.0,69.0
21.85389232635498,394.0,69.0
21.870840311050415,394.0,69.0
21.88679838180542,395.0,69.0
21.904750108718872,395.0,69.0
21.935667514801025,396.0,68.0
21.970574140548706,395.0,68.0
22.000499486923218,397.0,68.0
22.026426553726196,400.0,68.0
22.0483660697937,406.0,67.0
22.0743088722229,409.0,67.0
22.094243049621582,410.0,67.0
22.121174335479736,414.0,67.0
22.149097442626953,417.0,67.0
22.16605043411255,421.0,67.0
22.195971727371216,433.0,67.0
22.226887702941895,438.0,67.0
22.25680923461914,442.0,67.0
22.285731315612793,446.0,67.0
22.310665369033813,464.0,66.0
22.337594747543335,469.0,66.0
22.371505975723267,472.0,66.0
22.39843225479126,478.0,66.0
22.416383743286133,481.0,66.0
22.453283071517944,491.0,66.0
22.482211589813232,508.0,66.0
22.50913405418396,508.0,66.0
22.544044733047485,517.0,66.0
22.571965217590332,533.0,65.0
22.609431505203247,539.0,65.0
22.64234209060669,550.0,65.0
22.66428256034851,555.0,65.0
22.690214157104492,560.0,64.0
22.719149351119995,564.0,65.0
22.737089157104492,568.0,65.0
22.755040645599365,572.0,64.0
22.779974699020386,577.0,64.0
22.806904077529907,581.0,64.0
22.831835508346558,590.0,64.0
22.86275362968445,595.0,64.0
22.893672227859497,611.0,63.0
22.91262149810791,611.0,63.0
22.940545082092285,620.0,63.0
22.97844672203064,638.0,63.0
23.00537085533142,642.0,63.0
23.037286520004272,655.0,62.0
23.0552396774292,660.0,62.0
23.083163022994995,663.0,62.0
23.09912133216858,666.0,62.0
23.129040956497192,669.0,62.0
23.16394853591919,671.0,62.0
23.178908586502075,673.0,62.0
23.214810848236084,674.0,62.0
23.231767177581787,675.0,63.0
23.251712322235107,675.0,63.0
23.27066397666931,675.0,63.0
23.306568145751953,675.0,63.0
23.322524785995483,675.0,63.0
23.33847975730896,675.0,64.0
23.365408897399902,675.0,63.0
23.39470911026001,676.0,64.0
23.42262625694275,676.0,64.0
23.451549530029297,675.0,64.0
23.4744873046875,675.0,64.0
23.50243043899536,675.0,64.0
23.518374919891357,675.0,64.0
23.553279399871826,675.0,64.0
23.577213764190674,676.0,64.0
23.603143453598022,675.0,64.0
23.630086421966553,675.0,64.0
23.656005859375,676.0,64.0
23.675949335098267,675.0,64.0
23.70487141609192,675.0,64.0
23.733794689178467,676.0,64.0
23.74875497817993,676.0,64.0
23.78965735435486,675.0,64.0
23.8235080242157,676.0,65.0
23.8414568901062,677.0,65.0
23.867387294769287,675.0,64.0
23.886335372924805,675.0,65.0
23.91825294494629,672.0,65.0
23.945178747177124,671.0,65.0
23.984076261520386,669.0,66.0
24.0074725151062,664.0,66.0
24.025424003601074,663.0,66.0
24.056030988693237,663.0,67.0
24.085963249206543,662.0,67.0
24.11687159538269,648.0,67.0
24.14978051185608,648.0,67.0
24.17870593070984,639.0,68.0
24.206631183624268,625.0,68.0
24.225579500198364,621.0,68.0
24.25752019882202,613.0,69.0
24.28541851043701,600.0,69.0
24.321322441101074,596.0,69.0
24.350255966186523,591.0,69.0
24.378173112869263,587.0,69.0
24.39612317085266,582.0,69.0
24.415083408355713,574.0,69.0
24.452969074249268,556.0,69.0
24.471388578414917,551.0,69.0
24.502241373062134,547.0,69.0
24.53714919090271,543.0,69.0
24.568065643310547,530.0,69.0
24.58701467514038,526.0,69.0
24.615938425064087,517.0,69.0
24.64685606956482,513.0,69.0
24.671793937683105,500.0,69.0
24.69472646713257,496.0,69.0
24.712682008743286,491.0,69.0
24.743596076965332,487.0,69.0
24.779502868652344,483.0,69.0
24.804434537887573,478.0,69.0
24.83535122871399,470.0,69.0
24.867267370224,452.0,69.0
24.895195245742798,448.0,69.0
24.93209409713745,435.0,69.0
24.956032276153564,427.0,69.0
24.992929935455322,422.0,69.0
25.018866062164307,418.0,69.0
25.036813735961914,414.0,70.0
25.053767204284668,409.0,69.0
25.071723699569702,405.0,70.0
25.09964919090271,391.0,69.0
25.117597103118896,391.0,69.0
25.140535354614258,389.0,69.0
25.157490491867065,388.0,70.0
25.17544436454773,387.0,70.0
25.196386337280273,386.0,70.0
25.223332166671753,386.0,69.0
25.255228281021118,386.0,69.0
25.283153533935547,386.0,69.0
25.310081005096436,387.0,69.0
25.33601689338684,386.0,69.0
25.364940404891968,387.0,69.0
25.391863584518433,386.0,69.0
25.413804292678833,386.0,69.0
25.435747385025024,386.0,69.0
25.452702045440674,387.0,69.0
25.472647666931152,387.0,69.0
25.50157642364502,386.0,69.0
25.53647780418396,386.0,69.0
25.55043864250183,387.0,69.0
25.58441138267517,387.0,69.0
25.609281539916992,386.0,69.0
25.62723660469055,387.0,69.0
25.658154726028442,386.0,69.0
25.684085369110107,386.0,69.0
25.710012912750244,386.0,69.0
25.75189971923828,386.0,69.0
25.781821489334106,386.0,69.0
25.815730094909668,386.0,69.0
25.83970355987549,386.0,69.0
25.85562252998352,386.0,69.0
25.88953137397766,387.0,69.0
25.9164617061615,386.0,69.0
25.944385051727295,386.0,69.0
25.960344076156616,386.0,69.0
25.97929286956787,387.0,69.0
26.010210037231445,387.0,69.0
26.024172067642212,387.0,69.0
26.0530948638916,387.0,69.0
26.07603430747986,388.0,68.0
26.091991424560547,390.0,68.0
26.107951641082764,391.0,68.0
26.13288187980652,393.0,68.0
26.157816171646118,400.0,67.0
26.189735889434814,402.0,67.0
26.21964979171753,402.0,67.0
26.236604690551758,404.0,67.0
26.258545875549316,411.0,67.0
26.27749466896057,411.0,67.0
26.293453216552734,416.0,67.0
26.312400817871094,424.0,67.0
26.340327739715576,437.0,67.0
26.368254899978638,441.0,66.0
26.4021635055542,449.0,67.0
26.419116258621216,455.0,67.0
26.445046424865723,459.0,66.0
26.463024854660034,464.0,66.0
26.49092698097229,468.0,66.0
26.509875297546387,472.0,66.0
26.53480625152588,476.0,66.0
26.56173539161682,480.0,66.0
26.585671424865723,497.0,66.0
26.618585109710693,510.0,66.0
26.647507190704346,519.0,65.0
26.68839740753174,519.0,65.0
26.711336135864258,536.0,65.0
26.738262176513672,540.0,65.0
26.75920581817627,546.0,65.0
26.787342309951782,554.0,65.0
26.80330204963684,557.0,64.0
26.83920693397522,563.0,64.0
26.867130756378174,567.0,64.0
26.89106845855713,571.0,64.0
26.90901827812195,576.0,64.0
26.929964542388916,580.0,64.0
26.953897953033447,597.0,63.0
26.97783350944519,601.0,63.0
27.000773429870605,605.0,63.0
27.01673126220703,609.0,63.0
27.055633783340454,609.0,63.0
27.077566623687744,627.0,63.0
27.095519065856934,636.0,63.0
27.12144947052002,641.0,62.0
27.142393350601196,641.0,62.0
27.170317888259888,645.0,62.0
27.188271284103394,648.0,62.0
27.226713180541992,653.0,62.0
27.243664741516113,656.0,63.0
27.279568195343018,656.0,63.0
27.302506923675537,656.0,63.0
27.333446264266968,655.0,63.0
27.359354257583618,656.0,63.0
27.377315521240234,657.0,64.0
27.410231828689575,656.0,64.0
27.428171396255493,656.0,64.0
27.450116634368896,656.0,64.0
27.476043462753296,656.0,64.0
27.508955240249634,656.0,64.0
27.532891511917114,656.0,64.0
27.548848628997803,656.0,64.0
27.58674693107605,656.0,64.0
27.60769009590149,656.0,64.0
27.64060688018799,656.0,64.0
27.66354274749756,656.0,64.0
27.685486555099487,656.0,64.0
27.712412357330322,656.0,64.0
27.73335599899292,656.0,64.0
27.75661540031433,656.0,64.0
27.78354263305664,656.0,64.0
27.813463926315308,656.0,64.0
27.84238886833191,656.0,64.0
27.87429928779602,656.0,64.0
27.903223037719727,656.0,64.0
27.934147834777832,656.0,64.0
27.952091455459595,656.0,64.0
27.980019092559814,656.0,64.0
28.012928247451782,656.0,64.0
28.03088068962097,656.0,64.0
28.064791679382324,656.0,65.0
28.091718435287476,656.0,64.0
28.108673572540283,656.0,65.0
28.138593196868896,655.0,65.0
28.16851305961609,655.0,65.0
28.196441888809204,654.0,65.0
28.225361347198486,647.0,66.0
28.259272575378418,646.0,66.0
28.293184757232666,644.0,68.0
28.311134099960327,641.0,68.0
28.337061882019043,638.0,68.0
28.36600112915039,633.0,68.0
28.40288734436035,628.0,69.0
28.431809663772583,607.0,69.0
28.4587459564209,603.0,69.0
28.49264645576477,599.0,69.0
28.518576860427856,594.0,69.0
28.548497438430786,576.0,69.0
28.580467700958252,573.0,69.0
28.61038613319397,568.0,70.0
28.649282693862915,568.0,70.0
28.677215337753296,546.0,69.0
28.706137895584106,541.0,69.0
28.73505449295044,528.0,69.0
28.753008365631104,524.0,69.0
28.7809317111969,515.0,69.0
28.801876544952393,511.0,69.0
28.823816537857056,507.0,69.0
28.853739261627197,502.0,69.0
28.8766987323761,498.0,69.0
28.904629707336426,494.0,69.0
28.932548761367798,477.0,69.0
28.97343945503235,473.0,69.0
29.002375841140747,469.0,69.0
29.02331304550171,464.0,69.0
29.04225444793701,460.0,69.0
29.072177171707153,442.0,69.0
29.098113775253296,442.0,69.0
29.12204074859619,433.0,70.0
29.148970365524292,430.0,70.0
29.16493010520935,427.0,70.0
29.2018301486969,422.0,69.0
29.234740495681763,421.0,69.0
29.26067352294922,421.0,69.0
29.290595293045044,421.0,69.0
29.31253218650818,420.0,69.0
29.334474563598633,421.0,69.0
29.403295040130615,421.0,69.0
29.462133646011353,420.0,69.0
29.49703884124756,420.0,69.0
29.51598858833313,420.0,69.0
29.550896406173706,420.0,69.0
29.57982087135315,421.0,69.0
29.596778392791748,421.0,69.0
29.624699592590332,420.0,69.0
29.659605264663696,420.0,69.0
29.68653440475464,420.0,69.0
29.715455770492554,420.0,69.0
29.753355026245117,420.0,69.0
29.777296543121338,420.0,69.0
29.807209968566895,420.0,69.0
29.853087902069092,420.0,69.0
29.87403130531311,420.0,69.0
29.900960445404053,420.0,69.0
29.922902584075928,420.0,69.0
29.948832035064697,420.0,69.0
29.977758646011353,420.0,69.0
29.9937105178833,420.0,69.0
30.023632764816284,420.0,69.0
30.060532093048096,420.0,69.0
30.077486515045166,422.0,68.0
30.09643793106079,422.0,68.0
30.115384817123413,421.0,68.0
30.14630365371704,423.0,68.0
30.16924786567688,423.0,68.0
30.190189838409424,425.0,68.0
30.216116666793823,427.0,67.0
30.240055561065674,429.0,67.0
30.268978118896484,435.0,67.0
30.298895359039307,436.0,67.0
30.314851760864258,440.0,67.0
30.346768856048584,454.0,67.0
30.38167929649353,463.0,66.0
30.409600019454956,468.0,67.0
30.427552461624146,472.0,67.0
30.46046280860901,477.0,66.0
30.49636697769165,494.0,66.0
30.511327981948853,499.0,66.0
30.544238805770874,502.0,66.0
30.56717801094055,508.0,66.0
30.59214496612549,512.0,66.0
30.61006259918213,516.0,66.0
30.629013538360596,521.0,66.0
30.650954484939575,525.0,65.0
30.681870460510254,530.0,65.0
30.705806970596313,533.0,65.0
30.73173713684082,550.0,65.0
30.7556734085083,554.0,65.0
30.77262806892395,559.0,64.0
30.79257869720459,563.0,64.0
30.81950354576111,568.0,64.0
30.842442750930786,572.0,64.0
30.871363878250122,590.0,63.0
30.895302295684814,593.0,63.0
30.919235944747925,598.0,63.0
30.943177700042725,601.0,63.0
30.97309374809265,618.0,63.0
31.004008769989014,623.0,63.0
31.03393054008484,627.0,62.0
31.063851356506348,632.0,63.0
31.092771768569946,636.0,62.0
31.107734203338623,654.0,62.0
31.131669282913208,658.0,62.0
31.147629261016846,663.0,62.0
31.171561002731323,667.0,62.0
31.198501110076904,671.0,62.0
31.22442078590393,675.0,62.0
31.23838210105896,680.0,62.0
31.25833821296692,684.0,62.0
31.299219131469727,697.0,61.0
31.316173791885376,699.0,61.0
31.331135511398315,700.0,62.0
31.34709072113037,700.0,62.0
31.365044116973877,701.0,62.0
31.390974044799805,701.0,62.0
31.41790246963501,701.0,62.0
31.443832874298096,701.0,62.0
31.473755359649658,701.0,63.0
31.50666570663452,701.0,63.0
31.536595582962036,701.0,63.0
31.56351375579834,701.0,63.0
31.58445906639099,701.0,63.0
31.611385583877563,701.0,63.0
31.642306327819824,701.0,63.0
31.673219203948975,701.0,63.0
31.716106414794922,701.0,64.0
31.737057209014893,701.0,63.0
31.765971183776855,701.0,63.0
31.796889781951904,701.0,64.0
31.813842296600342,701.0,64.0
31.84176993370056,701.0,64.0
31.87767720222473,701.0,64.0
31.906614303588867,701.0,64.0
31.923554182052612,701.0,64.0
31.952484607696533,701.0,64.0
31.979401350021362,701.0,64.0
31.99735927581787,701.0,64.0
32.02627778053284,700.0,64.0
32.04123568534851,700.0,64.0
32.072158098220825,701.0,64.0
32.10207748413086,701.0,64.0
32.123016595840454,700.0,64.0
32.14894771575928,701.0,64.0
32.16989517211914,701.0,64.0
32.20280408859253,701.0,64.0
32.22775411605835,701.0,64.0
32.256659507751465,701.0,64.0
32.27760434150696,701.0,64.0
32.30552864074707,701.0,64.0
32.34143280982971,701.0,64.0
32.370354652404785,701.0,64.0
32.40925121307373,700.0,64.0
32.433191537857056,701.0,64.0
32.45014309883118,701.0,65.0
32.483054399490356,700.0,65.0
32.51300930976868,696.0,65.0
32.54090332984924,692.0,66.0
32.57879710197449,691.0,66.0
32.60772466659546,687.0,68.0
32.62866449356079,685.0,68.0
32.64764046669006,681.0,67.0
32.68057632446289,676.0,68.0
32.710495471954346,671.0,68.0
32.73842120170593,668.0,68.0
32.774324893951416,650.0,69.0
32.8002564907074,646.0,68.0
32.83616042137146,637.0,69.0
32.86209154129028,637.0,69.0
32.87804841995239,619.0,69.0
32.89699912071228,615.0,69.0
32.91993546485901,610.0,69.0
32.945873498916626,607.0,69.0
32.9727942943573,603.0,70.0
32.988754749298096,599.0,69.0
33.00371241569519,594.0,69.0
33.02166390419006,589.0,70.0
33.052582025527954,586.0,69.0
33.07950806617737,568.0,70.0
33.11090278625488,563.0,70.0
33.140822410583496,559.0,70.0
33.174734115600586,559.0,70.0
33.207642793655396,555.0,70.0
33.2375648021698,529.0,70.0
33.26349711418152,525.0,70.0
33.29202675819397,511.0,70.0
33.313965797424316,507.0,70.0
33.34241485595703,503.0,70.0
33.37233090400696,499.0,69.0
33.397263050079346,495.0,69.0
33.42718291282654,477.0,69.0
33.45211625099182,474.0,69.0
33.48802089691162,469.0,69.0
33.51195478439331,465.0,69.0
33.538883686065674,460.0,70.0
33.56182527542114,447.0,70.0
33.586755990982056,438.0,70.0
33.607698917388916,434.0,70.0
33.63462734222412,430.0,70.0
33.664549589157104,426.0,70.0
33.683496713638306,426.0,70.0
33.708433628082275,423.0,70.0
33.73037099838257,420.0,70.0
33.76128840446472,420.0,70.0
33.77824807167053,420.0,70.0
33.80716681480408,420.0,69.0
33.82513356208801,420.0,69.0
33.86202335357666,420.0,70.0
33.89293718338013,420.0,70.0
33.908894300460815,420.0,70.0
33.930835485458374,420.0,69.0
33.94579839706421,420.0,69.0
33.96773815155029,420.0,69.0
33.99167251586914,420.0,69.0
34.01860189437866,420.0,69.0
34.04036998748779,420.0,69.0
34.070295095443726,420.0,69.0
34.089240312576294,420.0,69.0
34.10719180107117,420.0,69.0
34.135117530822754,420.0,69.0
34.163042306900024,420.0,69.0
34.180994272232056,419.0,69.0
34.209956407547,420.0,69.0
34.22687125205994,420.0,69.0
34.25679278373718,420.0,69.0
34.27674126625061,420.0,69.0
34.31164598464966,420.0,69.0
34.33458375930786,420.0,69.0
34.36450910568237,420.0,69.0
34.385456800460815,420.0,69.0
34.42135214805603,421.0,69.0
34.443294048309326,422.0,69.0
34.459250688552856,422.0,69.0
34.480193853378296,424.0,68.0
34.505128383636475,430.0,67.0
34.53006172180176,431.0,67.0
34.55200719833374,432.0,67.0
34.57593894004822,433.0,67.0
34.60087275505066,435.0,67.0
34.631789445877075,449.0,67.0
34.663705825805664,455.0,67.0
34.68764114379883,459.0,67.0
34.720564126968384,463.0,67.0
34.74947690963745,469.0,67.0
34.779393911361694,473.0,67.0
34.810311794281006,477.0,66.0
34.832252740859985,499.0,67.0
34.85718631744385,503.0,66.0
34.87214803695679,509.0,66.0
34.89409375190735,509.0,66.0
34.926002740859985,526.0,66.0
34.95392990112305,530.0,66.0
34.971880197525024,534.0,65.0
34.99880766868591,539.0,65.0
35.03072214126587,543.0,65.0
35.059646129608154,560.0,65.0
35.07859420776367,564.0,65.0
35.10652017593384,568.0,65.0
35.12546920776367,568.0,65.0
35.153398513793945,572.0,64.0
35.17234468460083,581.0,64.0
35.201265811920166,581.0,64.0
35.23409867286682,590.0,64.0
35.26302409172058,594.0,64.0
35.29294180870056,594.0,64.0
35.30889844894409,593.0,64.0
35.32884860038757,593.0,65.0
35.35677123069763,588.0,65.0
35.38369917869568,588.0,65.0
35.4021635055542,586.0,66.0
35.43308639526367,585.0,66.0
35.465993881225586,582.0,67.0
35.4949152469635,581.0,67.0
35.52184319496155,569.0,68.0
35.5527617931366,564.0,68.0
35.583678007125854,560.0,69.0
35.62157964706421,548.0,69.0
35.662466287612915,544.0,68.0
35.68141770362854,544.0,68.0
35.70535230636597,539.0,69.0
35.732280015945435,514.0,69.0
35.75447487831116,509.0,69.0
35.78339099884033,505.0,69.0
35.80134439468384,501.0,69.0
35.829269886016846,497.0,69.0
35.85120701789856,479.0,69.0
35.876142263412476,476.0,69.0
35.89509081840515,472.0,69.0
35.92301559448242,467.0,69.0
35.94196653366089,463.0,69.0
35.96191358566284,458.0,69.0
35.987842321395874,454.0,69.0
36.008788108825684,449.0,69.0
36.0337553024292,445.0,69.0
36.05366539955139,437.0,69.0
36.081592321395874,432.0,69.0
36.11354160308838,429.0,70.0
36.14642071723938,419.0,69.0
36.171351194381714,418.0,70.0
36.20526123046875,415.0,69.0
36.23518204689026,415.0,70.0
36.265101194381714,415.0,69.0
36.302006483078,415.0,69.0
36.33491373062134,415.0,69.0
36.351869106292725,415.0,69.0
36.37580752372742,415.0,69.0
36.395751953125,415.0,69.0
36.41321039199829,415.0,69.0
36.44612956047058,415.0,69.0
36.47005772590637,415.0,69.0
36.498979568481445,415.0,69.0
36.518929958343506,415.0,69.0
36.546860456466675,415.0,69.0
36.575775384902954,414.0,69.0
36.59472370147705,415.0,69.0
36.62318658828735,415.0,69.0
36.65406942367554,415.0,69.0
36.673025131225586,415.0,69.0
36.698951959609985,416.0,68.0
36.73784518241882,418.0,68.0
36.76092791557312,419.0,68.0
36.78586268424988,421.0,68.0
36.808799505233765,424.0,68.0
36.8457088470459,426.0,67.0
36.87063455581665,426.0,67.0
36.901551723480225,426.0,67.0
36.936458110809326,427.0,67.0
36.9633891582489,427.0,67.0
36.995301485061646,429.0,67.0
37.02621841430664,429.0,67.0
37.04915690422058,431.0,67.0
37.07907676696777,443.0,67.0
37.099024295806885,447.0,67.0
37.11597943305969,451.0,67.0
37.132938861846924,455.0,67.0
37.16190195083618,460.0,66.0
37.194809436798096,465.0,66.0
37.21176528930664,474.0,66.0
37.244675636291504,478.0,66.0
37.27360248565674,482.0,66.0
37.296536684036255,495.0,66.0
37.324464321136475,504.0,66.0
37.34740114212036,504.0,66.0
37.375328063964844,517.0,66.0
37.4072425365448,525.0,65.0
37.42420196533203,531.0,66.0
37.45112419128418,534.0,65.0
37.46807909011841,539.0,65.0
37.506974935531616,555.0,65.0
37.535900592803955,561.0,65.0
37.55883574485779,564.0,64.0
37.59474062919617,569.0,64.0
37.61669087409973,577.0,63.0
37.632638692855835,582.0,64.0
37.66056513786316,586.0,64.0
37.68848967552185,602.0,63.0
37.71342158317566,606.0,63.0
37.73935532569885,611.0,63.0
37.76229429244995,615.0,63.0
37.79521107673645,629.0,62.0
37.82313394546509,633.0,63.0
37.852052211761475,637.0,62.0
37.875001668930054,642.0,62.0
37.89795637130737,653.0,62.0
37.922866344451904,654.0,62.0
37.94580435752869,655.0,62.0
37.97372794151306,655.0,62.0
37.99368357658386,655.0,63.0
38.02758169174194,656.0,63.0
38.05151677131653,655.0,63.0
38.07744812965393,655.0,63.0
38.10038733482361,655.0,63.0
38.12836790084839,655.0,64.0
38.160284996032715,655.0,64.0
38.17923402786255,655.0,64.0
38.208154916763306,651.0,65.0
38.24106788635254,648.0,65.0
38.27198648452759,647.0,65.0
38.2999153137207,641.0,68.0
38.32384634017944,638.0,68.0
38.34678530693054,634.0,69.0
38.385679483413696,630.0,68.0
38.409615993499756,621.0,69.0
38.43787240982056,617.0,69.0
38.47377395629883,613.0,69.0
38.50070095062256,596.0,70.0
38.53162217140198,596.0,70.0
38.54757761955261,592.0,69.0
38.57650279998779,573.0,70.0
38.613399028778076,569.0,70.0
38.6373348236084,564.0,70.0
38.65927791595459,560.0,70.0
38.68620729446411,543.0,70.0
38.72210907936096,539.0,70.0
38.74704170227051,535.0,70.0
38.7789580821991,530.0,70.0
38.79491877555847,526.0,70.0
38.82283973693848,517.0,70.0
38.841790199279785,512.0,70.0
38.87769055366516,495.0,70.0
38.894763469696045,492.0,70.0
38.914706230163574,487.0,70.0
38.933653116226196,483.0,70.0
38.968559980392456,483.0,70.0
38.996485471725464,471.0,70.0
39.02341437339783,469.0,70.0
39.0413658618927,468.0,70.0
39.06729578971863,468.0,70.0
39.08325386047363,467.0,70.0
39.113378286361694,466.0,70.0
39.147284507751465,466.0,70.0
39.18019700050354,466.0,70.0
39.20812463760376,466.0,70.0
39.243027687072754,466.0,70.0
39.26796317100525,466.0,70.0
39.30187177658081,466.0,70.0
39.330796241760254,466.0,70.0
39.37268114089966,466.0,70.0
39.387643814086914,466.0,70.0
39.40459609031677,466.0,70.0
39.42653799057007,466.0,69.0
39.45346689224243,466.0,70.0
39.468427419662476,466.0,70.0
39.48737573623657,466.0,70.0
39.50831985473633,466.0,70.0
39.53525161743164,466.0,70.0
39.566163778305054,466.0,69.0
39.601070404052734,466.0,69.0
39.62999749183655,466.0,70.0
39.652941942214966,466.0,70.0
39.678875207901,466.0,69.0
39.70778512954712,466.0,69.0
39.73670744895935,466.0,69.0
39.753663301467896,466.0,69.0
39.78258776664734,466.0,69.0
39.802534341812134,466.0,69.0
39.834447383880615,466.0,69.0
39.86037802696228,466.0,69.0
39.88331913948059,466.0,69.0
39.90825057029724,466.0,69.0
39.93617367744446,466.0,69.0
39.95412635803223,466.0,69.0
39.979063749313354,466.0,69.0
40.00100064277649,466.0,69.0
40.030921936035156,466.0,69.0
40.063833475112915,465.0,69.0
40.0957510471344,466.0,69.0
40.13065767288208,465.0,69.0
40.15359663963318,465.0,69.0
40.1825156211853,465.0,69.0
40.213435649871826,465.0,69.0
40.22939157485962,465.0,69.0
40.24734401702881,466.0,69.0
40.279258489608765,466.0,69.0
40.307218074798584,465.0,69.0
40.3291277885437,466.0,69.0
40.35305953025818,465.0,69.0
40.39594507217407,466.0,69.0
40.416890144348145,465.0,69.0
40.44581604003906,466.0,69.0
40.46675944328308,465.0,69.0
40.49867558479309,465.0,69.0
40.528594970703125,465.0,69.0
40.54953622817993,465.0,69.0
40.57647204399109,466.0,69.0
40.60139775276184,467.0,69.0
40.62932348251343,468.0,68.0
40.652260065078735,468.0,68.0
40.674200773239136,468.0,68.0
40.70013380050659,469.0,68.0
40.72306990623474,471.0,68.0
40.75199580192566,478.0,67.0
40.78989219665527,480.0,67.0
40.815824031829834,483.0,67.0
40.83627676963806,487.0,67.0
40.87418293952942,491.0,67.0
40.89950251579285,494.0,67.0
40.92543172836304,506.0,67.0
40.94837260246277,508.0,67.0
40.973308086395264,510.0,67.0
41.00422143936157,510.0,67.0
41.02616548538208,511.0,67.0
41.05010199546814,510.0,66.0
41.08400917053223,510.0,67.0
41.11492919921875,510.0,67.0
41.13287711143494,509.0,67.0
41.1608099937439,508.0,67.0
41.19171953201294,507.0,68.0
41.217653036117554,506.0,67.0
41.2395920753479,505.0,68.0
41.26851415634155,503.0,68.0
41.30441927909851,500.0,68.0
41.331347703933716,491.0,68.0
41.364259243011475,488.0,68.0
41.392189741134644,484.0,69.0
41.410141706466675,472.0,69.0
41.441060304641724,466.0,69.0
41.46898293495178,466.0,69.0
41.48394703865051,464.0,69.0
41.50089716911316,463.0,69.0
41.51785707473755,461.0,69.0
41.532811641693115,461.0,69.0
41.54877066612244,461.0,69.0
41.580687522888184,460.0,69.0
41.61758470535278,460.0,69.0
41.645514249801636,460.0,69.0
41.6754310131073,460.0,69.0
41.7133309841156,460.0,69.0
41.73427391052246,461.0,69.0
41.76120471954346,461.0,69.0
41.78115129470825,461.0,69.0
41.80408835411072,461.0,69.0
41.827025413513184,461.0,69.0
41.8619327545166,460.0,69.0
41.88786244392395,461.0,69.0
41.90481781959534,460.0,69.0
41.923768758773804,461.0,69.0
41.94969964027405,460.0,69.0
41.98659896850586,460.0,69.0
42.01552176475525,461.0,69.0
42.04145336151123,461.0,69.0
42.0594048500061,460.0,69.0
42.094311237335205,461.0,69.0
42.121237993240356,461.0,69.0
42.137224197387695,461.0,69.0
42.17010736465454,461.0,69.0
42.1970489025116,460.0,69.0
42.21998739242554,460.0,69.0
42.243924140930176,461.0,69.0
42.27284598350525,461.0,69.0
42.292792320251465,460.0,69.0
42.31972002983093,460.0,69.0
42.34166193008423,461.0,69.0
42.367592334747314,461.0,69.0
42.38255262374878,461.0,69.0
42.40150570869446,461.0,69.0
42.425437211990356,461.0,69.0
42.45037078857422,461.0,69.0
42.476300954818726,461.0,69.0
42.50123405456543,461.0,69.0
42.52716851234436,461.0,69.0
42.55509305000305,461.0,69.0
42.57105112075806,461.0,69.0
42.602981090545654,461.0,69.0
42.62091660499573,461.0,69.0
42.647844552993774,461.0,69.0
42.66579556465149,461.0,69.0
42.68175220489502,461.0,69.0
42.70967936515808,461.0,69.0
42.734620332717896,461.0,69.0
42.75854730606079,461.0,69.0
42.783488512039185,461.0,69.0
42.807417154312134,462.0,69.0
42.83833432197571,461.0,69.0
42.86625909805298,461.0,69.0
42.88520836830139,461.0,69.0
42.91413068771362,461.0,69.0
42.943058490753174,461.0,69.0
42.96799302101135,461.0,69.0
42.996910095214844,461.0,69.0
43.02284026145935,461.0,69.0
43.03680229187012,461.0,69.0
43.055752992630005,461.0,69.0
43.08367848396301,461.0,69.0
43.10063719749451,461.0,69.0
43.131779193878174,461.0,69.0
43.15970730781555,461.0,69.0
43.179651975631714,461.0,69.0
43.20857310295105,461.0,69.0
43.240488052368164,461.0,69.0
43.25943899154663,461.0,69.0
43.2863667011261,461.0,69.0
43.314292669296265,462.0,69.0
43.3312451839447,461.0,69.0
43.369144678115845,461.0,69.0
43.392083406448364,461.0,69.0
43.4230010509491,461.0,69.0
43.45292115211487,461.0,69.0
43.46887707710266,461.0,69.0
43.50079274177551,461.0,69.0
43.5197536945343,462.0,69.0
43.550660371780396,461.0,69.0
43.577789068222046,461.0,69.0
43.61069846153259,461.0,69.0
43.6376314163208,461.0,69.0
43.6605658531189,462.0,69.0
43.684502363204956,461.0,69.0
43.70946168899536,461.0,69.0
43.727394819259644,461.0,69.0
43.754316091537476,461.0,69.0
43.779250383377075,462.0,69.0
43.81515407562256,461.0,69.0
43.841086864471436,461.0,69.0
43.861029863357544,461.0,69.0
43.884966135025024,461.0,69.0
43.915884256362915,461.0,69.0
43.935829639434814,461.0,69.0
43.960763692855835,461.0,69.0
43.9767210483551,461.0,69.0
43.993677854537964,461.0,69.0
44.02060389518738,461.0,69.0
44.0405638217926,461.0,69.0
44.070475578308105,461.0,69.0
44.10936713218689,461.0,69.0
44.136189222335815,461.0,69.0
44.16867184638977,461.0,69.0
44.192607164382935,461.0,69.0
44.22053265571594,461.0,69.0
44.24846124649048,461.0,69.0
44.275386095047,461.0,69.0
44.30530858039856,461.0,69.0
44.337220191955566,461.0,69.0
44.365145444869995,461.0,69.0
44.387094020843506,461.0,69.0
44.41601324081421,461.0,69.0
44.443938970565796,460.0,69.0
44.46288800239563,461.0,69.0
44.48981213569641,461.0,69.0
44.51574492454529,460.0,69.0
44.538684129714966,461.0,69.0
44.56760501861572,461.0,69.0
44.586557149887085,461.0,69.0
44.626447677612305,461.0,69.0
44.651381969451904,461.0,69.0
44.68429398536682,461.0,69.0
44.71122097969055,461.0,69.0
44.75311017036438,461.0,69.0
44.781033992767334,461.0,69.0
44.806965351104736,461.0,69.0
44.82691788673401,461.0,69.0
44.84687113761902,461.0,68.0
44.882765769958496,461.0,69.0
44.90171265602112,461.0,69.0
44.93169903755188,460.0,69.0
44.96660399436951,461.0,69.0
44.98356485366821,461.0,69.0
45.004512548446655,460.0,69.0
45.034423828125,461.0,69.0
45.05835819244385,461.0,69.0
45.078306674957275,460.0,69.0
45.103243589401245,461.0,69.0
45.12817358970642,461.0,69.0
45.14812469482422,461.0,69.0
45.17006230354309,461.0,69.0
45.18801188468933,461.0,69.0
45.2089569568634,461.0,69.0
45.23488903045654,461.0,69.0
45.263810873031616,461.0,69.0
45.28577423095703,461.0,69.0
45.305699825286865,461.0,69.0
45.33362293243408,461.0,69.0
45.367531299591064,461.0,69.0
45.386483669281006,461.0,69.0
45.408424854278564,462.0,69.0
45.43933987617493,461.0,69.0
45.45631790161133,461.0,69.0
45.485217332839966,462.0,69.0
45.507160902023315,462.0,69.0
45.53110122680664,461.0,69.0
45.55203890800476,462.0,69.0
45.57996487617493,461.0,69.0
45.599913120269775,461.0,69.0
45.62185335159302,461.0,69.0
45.637810468673706,461.0,69.0
45.66384530067444,461.0,69.0
45.690669536590576,461.0,69.0
45.71759581565857,461.0,69.0
45.74552249908447,461.0,69.0
45.77045464515686,461.0,69.0
45.80540895462036,461.0,69.0
45.82331562042236,461.0,69.0
45.84129214286804,461.0,68.0
45.86021447181702,461.0,69.0
45.89219880104065,461.0,69.0
45.91214609146118,461.0,69.0
45.941068172454834,461.0,69.0
45.961018323898315,461.0,69.0
45.98196315765381,461.0,69.0
46.00290369987488,460.0,68.0
46.03382110595703,461.0,69.0
46.06474781036377,461.0,69.0
46.082690954208374,460.0,69.0
46.110615491867065,461.0,69.0
46.126572132110596,461.0,68.0
46.14951133728027,460.0,68.0
46.173447370529175,461.0,69.0
46.20336675643921,461.0,69.0
46.233288049697876,461.0,69.0
46.251240730285645,461.0,69.0
46.27768039703369,460.0,69.0
46.2989559173584,461.0,69.0
46.32887554168701,461.0,69.0
