Time,Motor1 Apos,Opten1 PosX,Opten1 PosY,Motor2 Apos,Opten2 PosX,Opten2 PosY
0.258,0.0,-0.006,0.002,0.0,-0.004,-0.002
0.348,0.0,-0.006,0.002,0.0,-0.004,-0.002
0.378,0.0,-0.006,0.002,0.0,-0.004,-0.002
0.418,0.0,-0.006,0.002,0.0,-0.004,-0.002
0.484,0.0,-0.006,0.002,0.0,-0.004,-0.002
0.547,0.0,-0.006,0.002,0.0,-0.004,-0.002
0.608,0.0,-0.006,0.002,0.0,-0.004,-0.002
0.669,0.0,-0.006,0.002,0.0,-0.004,-0.002
0.729,0.0,-0.006,0.002,0.0,-0.004,-0.002
0.79,0.0,-0.006,0.002,0.0,-0.004,-0.002
0.854,0.0,-0.006,0.002,0.0,-0.004,-0.002
0.916,0.0,-0.006,0.002,0.0,-0.004,-0.002
0.979,0.0,-0.006,0.002,0.0,-0.004,-0.002
1.04,0.0,-0.006,0.002,0.0,-0.004,-0.002
1.106,0.0,-0.006,0.002,0.0,-0.004,-0.002
1.177,0.0,-0.006,0.002,0.0,-0.004,-0.002
1.229,0.0,-0.006,0.002,0.0,-0.004,-0.002
1.3,0.0,-0.006,0.002,0.0,-0.004,-0.002
1.356,0.0,-0.006,0.002,0.0,-0.004,-0.002
1.422,0.0,-0.006,0.002,0.0,-0.004,-0.002
1.48,0.0,-0.006,0.002,0.0,-0.004,-0.002
1.546,0.0,-0.006,0.002,0.0,-0.004,-0.002
1.721,0.0,-0.006,0.002,0.0,-0.004,-0.002
1.767,0.0,-0.006,0.002,0.0,-0.004,-0.002
1.822,0.0,-0.006,0.002,0.0,-0.004,-0.002
1.855,0.0,-0.006,0.002,0.0,-0.004,-0.002
1.915,0.0,-0.006,0.002,0.0,-0.004,-0.002
1.977,0.0,-0.006,0.002,0.0,-0.004,-0.002
2.041,0.0,-0.006,0.002,0.0,-0.004,-0.002
2.112,0.0,-0.006,0.002,0.0,-0.004,-0.002
2.174,0.0,-0.006,0.002,0.0,-0.004,-0.002
2.236,0.0,-0.006,0.002,0.0,-0.004,-0.002
2.291,0.0,-0.006,0.002,0.0,-0.004,-0.002
2.356,0.0,-0.006,0.002,0.0,-0.004,-0.002
2.517,0.0,-0.006,0.002,0.0,-0.004,-0.002
2.565,0.0,-0.006,0.002,0.0,-0.004,-0.002
2.616,0.0,-0.006,0.002,0.0,-0.004,-0.002
2.671,0.0,-0.006,0.002,0.0,-0.004,-0.002
2.731,0.0,-0.006,0.002,0.0,-0.004,-0.002
2.797,0.0,-0.006,0.002,0.0,-0.004,-0.002
2.859,0.0,-0.006,0.002,0.0,-0.004,-0.002
2.921,0.0,-0.006,0.002,0.0,-0.004,-0.002
2.983,0.0,-0.006,0.002,0.0,-0.004,-0.002
3.042,0.0,-0.006,0.002,0.0,-0.004,-0.002
3.105,0.0,-0.006,0.002,0.0,-0.004,-0.002
3.17,0.0,-0.006,0.002,0.0,-0.004,-0.002
3.234,0.0,-0.006,0.002,0.0,-0.004,-0.002
3.295,0.0,-0.006,0.002,0.0,-0.004,-0.002
3.357,0.0,-0.006,0.002,0.0,-0.004,-0.002
3.416,0.0,-0.006,0.002,0.0,-0.004,-0.002
3.479,0.0,-0.006,0.002,0.0,-0.004,-0.002
3.54,0.0,-0.006,0.002,0.0,-0.004,-0.002
3.615,0.0,-0.006,0.002,0.0,-0.004,-0.002
3.668,0.0,-0.006,0.002,0.0,-0.004,-0.002
3.732,0.0,-0.011,0.004,0.0,-0.015,-0.002
3.8,0.0,-0.03,0.015,0.0,-0.042,0.004
3.859,-0.46,-0.142,0.011,0.0,-0.144,0.0
3.916,-0.46,-0.243,0.021,-0.1,-0.246,-0.017
3.983,-0.46,-0.493,0.036,-0.1,-0.495,-0.008
4.045,-1.66,-0.734,0.032,-0.1,-0.62,0.006
4.103,-1.66,-1.204,0.015,-0.11,-0.616,0.008
4.166,-1.66,-1.789,-0.004,-0.11,-0.612,0.008
4.234,-3.22,-2.411,-0.013,-0.11,-0.614,0.015
4.301,-3.22,-2.927,-0.013,-0.1,-0.62,-0.002
4.358,-3.22,-3.27,-0.034,-0.1,-0.622,-0.0
4.419,-4.76,-3.818,-0.04,-0.11,-0.624,0.006
4.482,-4.76,-4.35,-0.047,-0.11,-0.627,0.011
4.544,-6.1,-4.904,-0.044,-0.11,-0.631,0.006
4.608,-6.1,-5.395,-0.049,-0.11,-0.631,0.004
4.671,-6.1,-5.95,-0.064,-0.11,-0.631,0.002
4.732,-7.64,-6.509,-0.078,-0.11,-0.633,0.002
4.794,-7.64,-7.017,-0.083,-0.11,-0.637,0.008
4.856,-7.64,-7.531,-0.091,-0.11,-0.637,0.008
4.916,-9.14,-8.018,-0.099,-0.11,-0.639,0.008
4.978,-9.14,-8.585,-0.099,-0.11,-0.641,0.013
5.039,-9.14,-9.089,-0.104,-0.11,-0.641,0.011
5.104,-10.65,-9.614,-0.112,-0.11,-0.641,0.008
5.182,-10.65,-10.132,-0.119,-0.11,-0.646,0.017
5.246,-12.21,-10.704,-0.119,-0.11,-0.646,0.013
5.307,-12.21,-10.994,-0.121,-0.11,-0.646,0.013
5.371,-12.21,-11.538,-0.121,-0.11,-0.648,0.017
5.443,-13.9,-11.807,-0.127,-0.11,-0.652,0.015
5.505,-13.9,-12.313,-0.131,-0.11,-0.66,0.017
5.569,-13.9,-12.533,-0.138,-0.11,-0.677,0.019
5.618,-14.44,-12.594,-0.138,-0.11,-0.682,0.019
5.693,-14.44,-12.605,-0.138,-0.11,-0.688,0.021
5.748,-14.46,-12.605,-0.138,-0.11,-0.692,0.021
5.813,-14.46,-12.607,-0.138,-0.11,-0.692,0.021
5.873,-14.46,-12.607,-0.138,-0.11,-0.694,0.021
5.933,-14.46,-12.607,-0.138,-0.11,-0.694,0.021
5.994,-14.46,-12.607,-0.138,-0.11,-0.694,0.021
6.056,-14.46,-12.584,-0.138,-0.11,-0.675,0.03
6.131,-13.98,-12.469,-0.142,-0.11,-0.536,0.032
6.183,-13.98,-12.291,-0.159,-0.02,-0.383,0.034
6.252,-13.98,-12.12,-0.165,-0.02,-0.201,0.03
6.306,-12.88,-12.01,-0.146,-0.02,-0.08,0.019
6.37,-12.88,-11.97,-0.146,0.0,-0.085,0.008
6.439,-12.88,-11.817,-0.15,0.0,-0.085,0.008
6.499,-11.39,-11.28,-0.19,0.0,-0.08,0.011
6.562,-11.39,-10.687,-0.21,0.0,-0.08,0.015
6.626,-11.39,-10.173,-0.224,0.0,-0.08,0.011
6.688,-9.85,-9.62,-0.224,0.0,-0.08,0.008
6.75,-9.85,-9.059,-0.222,0.0,-0.08,0.006
6.811,-8.32,-8.509,-0.22,0.0,-0.08,0.006
6.87,-8.32,-7.963,-0.218,0.0,-0.08,0.006
6.935,-8.32,-7.455,-0.218,0.0,-0.078,0.004
6.994,-6.74,-6.9,-0.216,0.0,-0.078,0.004
7.059,-6.74,-6.354,-0.214,0.0,-0.078,0.004
7.122,-6.74,-5.91,-0.207,0.0,-0.078,0.006
7.183,-5.1,-5.366,-0.205,0.0,-0.08,0.004
7.247,-5.1,-4.752,-0.195,0.0,-0.08,0.006
7.307,-5.1,-4.261,-0.186,0.0,-0.08,0.006
7.379,-3.62,-3.586,-0.176,-0.02,-0.08,0.004
7.431,-3.62,-3.194,-0.171,-0.02,-0.074,0.004
7.493,-3.62,-3.16,-0.169,-0.02,-0.068,0.006
7.569,-3.07,-3.16,-0.169,0.0,-0.057,0.0
7.617,-3.07,-3.16,-0.169,0.0,-0.057,0.0
7.684,-3.05,-3.16,-0.169,0.0,-0.051,0.004
7.747,-3.05,-3.16,-0.169,-0.02,-0.044,0.004
7.815,-3.05,-3.16,-0.169,-0.02,-0.042,0.002
7.875,-3.03,-3.16,-0.169,-0.02,-0.042,0.002
7.938,-3.03,-3.16,-0.169,-0.02,-0.042,0.002
8.004,-3.03,-3.16,-0.169,-0.02,-0.042,0.002
8.066,-3.03,-3.16,-0.169,-0.02,-0.042,0.002
8.128,-3.03,-3.16,-0.169,0.0,-0.066,0.008
8.199,-3.39,-3.16,-0.169,0.0,-0.123,0.004
8.252,-3.39,-3.162,-0.167,-0.11,-0.203,0.0
8.311,-3.39,-3.291,-0.167,-0.11,-0.404,-0.013
8.372,-4.42,-3.444,-0.155,-0.11,-0.62,-0.002
8.435,-4.42,-3.859,-0.157,-0.11,-0.639,0.006
8.502,-4.42,-4.434,-0.167,-0.11,-0.639,0.008
8.562,-5.9,-4.94,-0.167,-0.11,-0.648,0.0
8.627,-5.9,-5.497,-0.18,-0.11,-0.643,0.0
8.689,-7.3,-6.039,-0.193,-0.11,-0.639,-0.008
8.753,-7.3,-6.587,-0.203,-0.11,-0.643,-0.008
8.811,-7.3,-7.089,-0.207,-0.11,-0.652,-0.002
8.87,-8.76,-7.476,-0.216,-0.11,-0.648,-0.008
8.931,-8.76,-8.094,-0.229,-0.11,-0.65,0.0
8.997,-8.76,-8.564,-0.233,-0.11,-0.652,0.0
9.059,-10.29,-9.093,-0.239,-0.11,-0.652,0.0
9.125,-10.29,-9.69,-0.246,-0.11,-0.652,0.0
9.185,-10.29,-10.221,-0.246,-0.11,-0.652,0.0
9.245,-11.83,-10.751,-0.25,-0.11,-0.654,0.0
9.307,-11.83,-11.261,-0.248,-0.11,-0.654,0.0
9.371,-13.35,-11.8,-0.256,-0.11,-0.654,0.0
9.431,-13.35,-12.336,-0.265,-0.11,-0.66,0.006
9.507,-13.35,-12.668,-0.275,-0.11,-0.679,0.0
9.57,-13.9,-12.73,-0.277,-0.11,-0.684,0.006
9.631,-13.9,-12.74,-0.277,-0.11,-0.684,0.006
9.692,-13.9,-12.74,-0.277,-0.11,-0.684,0.006
9.746,-13.9,-12.742,-0.277,-0.11,-0.684,0.006
9.817,-13.9,-12.749,-0.277,-0.11,-0.69,0.004
9.874,-13.92,-12.749,-0.277,-0.11,-0.692,0.011
9.939,-13.92,-12.749,-0.277,-0.11,-0.694,0.015
10.002,-13.92,-12.751,-0.277,-0.11,-0.696,0.015
10.063,-13.92,-12.751,-0.277,-0.11,-0.696,0.015
10.126,-13.92,-12.751,-0.277,-0.11,-0.696,0.015
10.186,-13.92,-12.751,-0.277,-0.11,-0.696,0.015
10.253,-13.94,-12.751,-0.277,-0.11,-0.696,0.015
10.313,-13.94,-12.734,-0.277,-0.11,-0.682,0.011
10.377,-13.94,-12.694,-0.282,-0.11,-0.633,0.015
10.434,-13.52,-12.586,-0.292,-0.02,-0.468,0.017
10.501,-13.52,-12.586,-0.292,-0.02,-0.254,0.015
10.564,-12.51,-12.586,-0.292,-0.02,-0.171,0.013
10.624,-12.51,-12.507,-0.29,0.0,-0.093,-0.006
10.688,-12.51,-12.076,-0.307,0.0,-0.093,-0.006
10.758,-11.16,-11.578,-0.383,0.0,-0.089,-0.006
10.814,-11.16,-11.013,-0.383,-0.02,-0.089,-0.002
10.874,-11.16,-10.467,-0.383,-0.02,-0.089,-0.002
10.934,-9.6,-9.898,-0.385,-0.02,-0.089,-0.004
10.996,-9.6,-9.349,-0.381,-0.02,-0.089,-0.006
11.057,-8.06,-8.843,-0.383,-0.02,-0.087,-0.004
11.123,-8.06,-8.24,-0.375,-0.02,-0.085,-0.006
11.185,-8.06,-7.726,-0.375,-0.02,-0.083,-0.008
11.247,-6.42,-7.218,-0.377,-0.02,-0.083,-0.008
11.307,-6.42,-6.665,-0.366,-0.02,-0.083,-0.006
11.37,-6.42,-6.09,-0.356,-0.02,-0.085,-0.008
11.433,-4.88,-5.516,-0.347,-0.02,-0.085,-0.006
11.497,-4.88,-4.968,-0.332,-0.02,-0.085,-0.004
11.559,-4.88,-4.369,-0.328,-0.02,-0.087,-0.006
11.618,-3.33,-3.846,-0.33,-0.02,-0.087,-0.006
11.682,-3.33,-3.539,-0.324,-0.02,-0.08,-0.006
11.746,-2.82,-3.408,-0.32,-0.02,-0.068,-0.006
11.809,-2.82,-3.376,-0.317,-0.02,-0.061,-0.006
11.87,-2.82,-3.374,-0.317,-0.02,-0.059,-0.006
11.933,-2.8,-3.372,-0.317,-0.02,-0.051,-0.006
11.993,-2.8,-3.37,-0.315,-0.02,-0.049,-0.006
12.069,-2.8,-3.37,-0.315,-0.02,-0.049,-0.006
12.118,-2.78,-3.37,-0.315,-0.02,-0.049,-0.006
12.18,-2.78,-3.37,-0.315,-0.02,-0.049,-0.006
12.258,-2.78,-3.37,-0.313,-0.02,-0.049,-0.006
12.307,-2.78,-3.37,-0.313,-0.02,-0.049,-0.006
12.383,-2.78,-3.385,-0.309,-0.02,-0.07,-0.002
12.434,-3.16,-3.41,-0.309,-0.02,-0.11,-0.004
12.494,-3.16,-3.505,-0.309,-0.11,-0.199,-0.004
12.569,-3.16,-3.702,-0.305,-0.11,-0.409,-0.019
12.627,-4.17,-3.914,-0.286,-0.11,-0.629,-0.002
12.681,-4.17,-4.219,-0.29,-0.11,-0.65,0.019
12.743,-4.17,-4.741,-0.294,-0.11,-0.643,0.011
12.818,-5.66,-5.404,-0.309,-0.11,-0.648,0.0
12.881,-5.66,-5.893,-0.322,-0.11,-0.648,0.0
12.94,-5.66,-6.392,-0.332,-0.11,-0.646,-0.002
12.994,-7.26,-6.828,-0.349,-0.11,-0.648,-0.002
13.066,-7.26,-7.48,-0.358,-0.11,-0.652,-0.002
13.128,-7.26,-7.973,-0.362,-0.11,-0.654,-0.002
13.186,-8.76,-8.454,-0.383,-0.11,-0.654,-0.002
13.251,-8.76,-9.032,-0.385,-0.11,-0.656,0.002
13.311,-10.3,-9.504,-0.398,-0.11,-0.656,0.002
13.376,-10.3,-10.073,-0.398,-0.11,-0.656,0.002
13.435,-10.3,-10.615,-0.402,-0.11,-0.656,0.004
13.5,-11.94,-11.157,-0.404,-0.11,-0.658,0.004
13.557,-11.94,-11.589,-0.415,-0.11,-0.658,0.004
13.624,-11.94,-11.978,-0.411,-0.11,-0.658,0.004
13.683,-13.49,-12.501,-0.411,-0.11,-0.658,0.004
13.747,-13.49,-12.869,-0.415,-0.11,-0.671,0.008
13.811,-13.49,-13.125,-0.423,-0.11,-0.684,0.008
13.875,-14.0,-13.185,-0.425,-0.11,-0.69,0.011
13.935,-14.0,-13.191,-0.425,-0.11,-0.692,0.011
13.999,-14.02,-13.191,-0.425,-0.11,-0.694,0.011
14.062,-14.02,-13.191,-0.425,-0.11,-0.696,0.015
14.121,-14.02,-13.193,-0.425,-0.11,-0.698,0.021
14.185,-14.02,-13.195,-0.425,-0.11,-0.698,0.021
14.246,-14.02,-13.195,-0.425,-0.11,-0.698,0.019
14.307,-14.02,-13.197,-0.425,-0.11,-0.701,0.023
14.369,-14.04,-13.197,-0.425,-0.11,-0.701,0.023
14.446,-14.04,-13.176,-0.43,-0.11,-0.688,0.03
14.493,-14.04,-13.151,-0.43,-0.11,-0.637,0.034
14.563,-13.6,-12.954,-0.453,-0.02,-0.438,0.04
14.631,-13.6,-12.939,-0.453,-0.02,-0.235,0.034
14.694,-13.6,-12.939,-0.453,-0.02,-0.112,0.025
14.754,-12.36,-12.878,-0.453,-0.02,-0.102,0.013
14.816,-12.36,-12.442,-0.447,-0.02,-0.104,0.017
14.879,-10.88,-11.91,-0.5,-0.02,-0.102,0.021
14.944,-10.88,-11.322,-0.487,-0.02,-0.102,0.023
15.002,-10.88,-10.799,-0.504,-0.02,-0.102,0.023
15.058,-9.33,-10.279,-0.51,-0.02,-0.102,0.021
15.121,-9.33,-9.73,-0.51,-0.02,-0.099,0.021
15.194,-9.33,-9.129,-0.506,-0.02,-0.099,0.023
15.25,-7.75,-8.579,-0.495,-0.02,-0.097,0.021
15.315,-7.75,-8.009,-0.495,-0.02,-0.093,0.015
15.378,-6.27,-7.461,-0.493,-0.02,-0.093,0.015
15.44,-6.27,-6.93,-0.489,-0.02,-0.095,0.019
15.501,-6.27,-6.42,-0.489,-0.02,-0.097,0.019
15.564,-4.7,-5.85,-0.48,-0.02,-0.095,0.021
15.626,-4.7,-5.245,-0.444,-0.02,-0.097,0.021
15.688,-4.7,-4.691,-0.44,-0.02,-0.097,0.021
15.747,-3.2,-4.185,-0.438,-0.02,-0.097,0.019
15.81,-3.2,-3.793,-0.43,-0.02,-0.097,0.019
15.876,-3.2,-3.41,-0.411,-0.02,-0.093,0.015
15.938,-1.75,-2.868,-0.411,-0.02,-0.093,0.015
16.001,-1.75,-2.421,-0.375,-0.02,-0.091,0.013
16.056,-1.2,-2.22,-0.383,-0.02,-0.078,0.006
16.127,-1.2,-2.155,-0.383,-0.02,-0.066,0.013
16.188,-1.2,-2.153,-0.383,-0.02,-0.061,0.011
16.249,-1.18,-2.148,-0.383,-0.02,-0.061,0.011
16.307,-1.18,-2.142,-0.383,-0.02,-0.059,0.011
16.371,-1.18,-2.142,-0.383,-0.02,-0.059,0.013
16.435,-1.16,-2.142,-0.383,-0.02,-0.059,0.013
16.496,-1.16,-2.138,-0.383,-0.02,-0.057,0.013
16.559,-1.16,-2.134,-0.383,-0.02,-0.049,0.008
16.621,-1.14,-2.131,-0.383,-0.02,-0.044,0.006
16.683,-1.14,-2.125,-0.383,-0.02,-0.042,0.006
16.744,-1.14,-2.125,-0.383,-0.02,-0.04,0.006
16.818,-1.14,-2.125,-0.383,-0.02,-0.04,0.006
16.882,-1.14,-2.138,-0.379,-0.02,-0.061,0.006
16.933,-1.14,-2.161,-0.377,-0.02,-0.087,0.006
16.994,-1.58,-2.284,-0.379,-0.02,-0.203,0.006
17.055,-1.58,-2.411,-0.364,-0.11,-0.334,0.0
17.12,-2.61,-2.633,-0.326,-0.11,-0.593,0.002
17.18,-2.61,-2.978,-0.373,-0.11,-0.641,0.006
17.243,-2.61,-3.48,-0.358,-0.11,-0.639,0.019
17.305,-4.02,-4.028,-0.362,-0.11,-0.65,0.011
17.382,-4.02,-4.602,-0.373,-0.1,-0.646,0.015
17.43,-4.02,-5.059,-0.379,-0.1,-0.646,0.011
17.507,-5.5,-5.687,-0.383,-0.1,-0.646,0.011
17.574,-5.5,-6.238,-0.4,-0.1,-0.652,0.006
17.618,-7.03,-6.604,-0.402,-0.1,-0.652,0.006
17.68,-7.03,-7.101,-0.415,-0.1,-0.652,0.006
17.745,-7.03,-7.681,-0.421,-0.1,-0.654,0.006
17.805,-8.55,-8.17,-0.421,-0.1,-0.656,0.006
17.868,-8.55,-8.702,-0.436,-0.11,-0.656,0.006
17.936,-8.55,-9.324,-0.449,-0.11,-0.66,0.011
18.002,-10.06,-9.953,-0.461,-0.11,-0.66,0.011
18.059,-10.06,-10.429,-0.47,-0.11,-0.66,0.011
18.121,-10.06,-10.941,-0.474,-0.11,-0.66,0.013
18.194,-11.6,-11.612,-0.476,-0.11,-0.663,0.013
18.255,-11.6,-12.029,-0.483,-0.11,-0.671,0.008
18.305,-12.13,-12.167,-0.483,-0.11,-0.684,0.008
18.37,-12.13,-12.22,-0.485,-0.11,-0.692,0.013
18.443,-12.13,-12.224,-0.487,-0.11,-0.694,0.013
18.498,-12.17,-12.224,-0.487,-0.11,-0.694,0.011
18.563,-12.17,-12.222,-0.487,-0.11,-0.694,0.017
18.632,-12.17,-12.194,-0.489,-0.11,-0.677,0.025
18.692,-11.73,-12.15,-0.493,-0.11,-0.599,0.03
18.753,-11.73,-11.936,-0.504,-0.02,-0.343,0.032
18.817,-11.73,-11.845,-0.504,-0.02,-0.212,0.032
18.878,-10.5,-11.599,-0.5,-0.02,-0.106,0.019
18.942,-10.5,-11.326,-0.487,-0.02,-0.11,0.019
19.003,-10.5,-10.897,-0.487,-0.02,-0.11,0.019
19.059,-8.93,-10.425,-0.472,-0.02,-0.11,0.017
19.122,-8.93,-9.868,-0.455,-0.02,-0.11,0.017
19.19,-8.93,-9.208,-0.455,-0.02,-0.11,0.017
19.249,-7.39,-8.843,-0.447,-0.02,-0.108,0.017
19.31,-7.39,-8.287,-0.432,-0.02,-0.108,0.017
19.378,-7.39,-7.73,-0.428,-0.02,-0.108,0.017
19.44,-5.73,-7.305,-0.425,-0.02,-0.108,0.019
19.501,-5.73,-6.788,-0.417,-0.02,-0.108,0.017
19.564,-5.73,-6.225,-0.394,-0.02,-0.108,0.019
19.619,-4.21,-5.732,-0.379,-0.02,-0.11,0.019
19.69,-4.21,-5.057,-0.362,-0.02,-0.11,0.015
19.748,-2.7,-4.699,-0.362,-0.02,-0.11,0.015
19.81,-2.7,-4.481,-0.347,-0.02,-0.108,0.013
19.874,-2.7,-3.935,-0.345,-0.02,-0.102,0.013
19.937,-1.22,-3.395,-0.301,-0.02,-0.102,0.008
19.994,-1.22,-2.917,-0.279,-0.02,-0.097,0.011
20.06,-1.22,-2.616,-0.279,-0.02,-0.085,0.006
20.124,-0.7,-2.561,-0.286,-0.02,-0.068,0.011
20.184,-0.7,-2.548,-0.279,-0.02,-0.066,0.011
20.245,-0.7,-2.544,-0.275,-0.02,-0.066,0.011
20.305,-0.69,-2.542,-0.275,-0.02,-0.066,0.011
20.368,-0.69,-2.542,-0.275,-0.02,-0.066,0.011
20.432,-0.69,-2.54,-0.275,-0.02,-0.066,0.013
20.494,-0.69,-2.538,-0.284,-0.02,-0.061,0.008
20.556,-0.69,-2.536,-0.277,-0.02,-0.057,0.006
20.617,-0.69,-2.534,-0.275,-0.02,-0.053,0.006
20.692,-0.67,-2.534,-0.273,-0.02,-0.059,0.006
20.744,-0.67,-2.548,-0.265,-0.02,-0.076,0.008
20.817,-1.07,-2.65,-0.256,-0.02,-0.178,0.015
20.881,-1.07,-2.75,-0.256,-0.11,-0.284,0.011
20.945,-1.07,-2.982,-0.231,-0.11,-0.54,0.013
20.993,-2.0,-3.15,-0.226,-0.11,-0.684,0.023
21.07,-2.0,-3.734,-0.271,-0.11,-0.656,0.023
21.119,-2.0,-4.151,-0.288,-0.11,-0.656,0.025
21.18,-3.64,-4.638,-0.29,-0.11,-0.665,0.025
21.244,-3.64,-5.154,-0.301,-0.11,-0.663,0.028
21.315,-5.14,-5.745,-0.309,-0.11,-0.663,0.03
21.382,-5.14,-6.375,-0.313,-0.11,-0.658,0.019
21.444,-5.14,-6.873,-0.317,-0.11,-0.665,0.023
21.504,-6.74,-7.366,-0.33,-0.11,-0.669,0.021
21.567,-6.74,-7.866,-0.356,-0.11,-0.669,0.023
21.629,-6.74,-8.405,-0.36,-0.11,-0.669,0.023
21.682,-8.3,-8.85,-0.366,-0.11,-0.671,0.023
21.745,-8.3,-9.419,-0.375,-0.11,-0.673,0.025
21.816,-8.3,-9.97,-0.383,-0.11,-0.673,0.025
21.874,-9.79,-10.528,-0.392,-0.11,-0.673,0.025
21.942,-9.79,-11.066,-0.4,-0.11,-0.673,0.025
22.001,-11.31,-11.646,-0.419,-0.11,-0.673,0.025
22.065,-11.31,-12.093,-0.419,-0.11,-0.675,0.025
22.126,-11.31,-12.62,-0.421,-0.11,-0.675,0.025
22.189,-12.82,-13.161,-0.43,-0.11,-0.675,0.025
22.25,-12.82,-13.585,-0.438,-0.11,-0.675,0.03
22.313,-12.82,-13.657,-0.438,-0.11,-0.679,0.036
22.371,-14.32,-14.027,-0.451,-0.11,-0.686,0.032
22.433,-14.32,-14.556,-0.459,-0.11,-0.688,0.038
22.497,-14.32,-15.17,-0.466,-0.11,-0.69,0.04
22.56,-15.81,-15.545,-0.47,-0.11,-0.694,0.04
22.621,-15.81,-16.074,-0.476,-0.11,-0.703,0.04
22.682,-15.81,-16.313,-0.487,-0.11,-0.713,0.042
22.743,-16.38,-16.381,-0.491,-0.11,-0.718,0.042
22.806,-16.38,-16.381,-0.491,-0.11,-0.718,0.04
22.87,-16.38,-16.381,-0.491,-0.11,-0.718,0.038
22.933,-16.42,-16.391,-0.491,-0.11,-0.718,0.034
22.992,-16.42,-16.4,-0.491,-0.11,-0.722,0.032
23.057,-16.44,-16.402,-0.491,-0.11,-0.726,0.04
23.122,-16.44,-16.402,-0.491,-0.11,-0.728,0.04
23.192,-16.44,-16.402,-0.491,-0.11,-0.728,0.04
23.25,-16.44,-16.402,-0.491,-0.11,-0.728,0.04
23.313,-16.44,-16.402,-0.491,-0.11,-0.728,0.04
23.379,-16.44,-16.404,-0.491,-0.11,-0.728,0.04
23.439,-16.46,-16.404,-0.491,-0.11,-0.728,0.04
23.503,-16.46,-16.404,-0.491,-0.11,-0.728,0.04
23.564,-16.46,-16.404,-0.491,-0.11,-0.728,0.04
23.626,-16.46,-16.404,-0.491,-0.11,-0.728,0.04
23.688,-16.46,-16.404,-0.491,-0.11,-0.728,0.04
23.749,-16.46,-16.404,-0.491,-0.11,-0.728,0.04
23.809,-16.46,-16.404,-0.491,-0.11,-0.728,0.04
23.872,-16.46,-16.404,-0.491,-0.11,-0.728,0.04
23.935,-16.46,-16.404,-0.491,-0.11,-0.728,0.04
23.997,-16.46,-16.404,-0.491,-0.11,-0.728,0.04
24.058,-16.46,-16.404,-0.491,-0.11,-0.728,0.04
24.121,-16.46,-16.404,-0.491,-0.11,-0.728,0.04
24.183,-16.46,-16.404,-0.491,-0.11,-0.728,0.04
24.244,-16.46,-16.404,-0.491,-0.11,-0.728,0.04
24.305,-16.48,-16.404,-0.491,-0.11,-0.728,0.04
24.368,-16.48,-16.385,-0.491,-0.11,-0.715,0.04
24.432,-16.48,-16.349,-0.491,-0.11,-0.663,0.049
24.494,-16.0,-16.125,-0.489,-0.02,-0.459,0.051
24.556,-16.0,-15.949,-0.489,-0.02,-0.286,0.047
24.618,-14.99,-15.888,-0.489,-0.02,-0.188,0.042
24.691,-14.99,-15.538,-0.483,-0.02,-0.116,0.025
24.756,-14.99,-15.253,-0.478,-0.02,-0.116,0.025
24.805,-13.5,-14.806,-0.47,-0.02,-0.114,0.028
24.882,-13.5,-14.431,-0.459,-0.02,-0.11,0.032
24.93,-12.11,-14.383,-0.455,-0.02,-0.11,0.032
24.993,-12.11,-14.245,-0.457,-0.02,-0.11,0.032
25.063,-12.11,-13.644,-0.483,-0.02,-0.106,0.025
25.123,-10.44,-13.117,-0.487,-0.02,-0.104,0.025
25.186,-10.44,-12.554,-0.491,0.0,-0.104,0.025
25.247,-10.44,-12.004,-0.491,0.0,-0.104,0.025
25.309,-8.84,-11.441,-0.487,0.0,-0.104,0.025
25.371,-8.84,-10.892,-0.48,-0.02,-0.104,0.025
25.431,-8.84,-10.391,-0.478,-0.02,-0.104,0.025
25.494,-7.31,-9.921,-0.476,-0.02,-0.104,0.025
25.569,-7.31,-9.258,-0.478,-0.02,-0.102,0.025
25.63,-7.31,-8.706,-0.474,-0.02,-0.102,0.025
25.684,-5.43,-8.363,-0.47,-0.02,-0.102,0.025
25.747,-5.43,-7.8,-0.457,0.0,-0.102,0.025
25.814,-5.43,-7.186,-0.444,0.0,-0.102,0.025
25.874,-3.9,-6.634,-0.423,0.0,-0.102,0.025
25.938,-3.9,-6.107,-0.425,-0.02,-0.102,0.025
25.998,-3.9,-5.654,-0.425,-0.02,-0.102,0.025
26.061,-2.25,-5.29,-0.409,-0.02,-0.102,0.025
26.121,-2.25,-4.803,-0.404,-0.02,-0.099,0.025
26.183,-2.25,-4.46,-0.398,-0.02,-0.085,0.025
26.245,-1.7,-4.379,-0.383,-0.02,-0.07,0.025
26.305,-1.7,-4.356,-0.383,-0.02,-0.068,0.025
26.371,-1.7,-4.356,-0.383,-0.02,-0.068,0.025
26.434,-1.7,-4.356,-0.383,-0.02,-0.068,0.025
26.495,-1.7,-4.356,-0.383,-0.02,-0.068,0.025
26.559,-1.68,-4.356,-0.383,-0.02,-0.068,0.025
26.621,-1.68,-4.356,-0.383,-0.02,-0.068,0.025
26.683,-1.68,-4.354,-0.383,-0.02,-0.068,0.025
26.746,-1.68,-4.352,-0.383,-0.02,-0.061,0.025
26.809,-1.68,-4.348,-0.377,-0.02,-0.053,0.017
26.87,-1.68,-4.343,-0.377,-0.02,-0.051,0.017
26.933,-1.66,-4.339,-0.377,-0.02,-0.049,0.017
26.996,-1.66,-4.339,-0.375,-0.02,-0.047,0.017
27.057,-1.64,-4.337,-0.375,-0.02,-0.044,0.017
27.12,-1.64,-4.337,-0.375,-0.02,-0.044,0.017
27.182,-1.64,-4.337,-0.375,-0.02,-0.044,0.017
27.249,-1.64,-4.337,-0.375,-0.02,-0.044,0.017
27.314,-1.64,-4.337,-0.375,-0.02,-0.044,0.017
27.367,-1.64,-4.335,-0.375,-0.02,-0.042,0.017
27.432,-1.64,-4.331,-0.375,-0.02,-0.038,0.015
27.493,-1.64,-4.326,-0.375,-0.02,-0.036,0.015
27.569,-1.64,-4.326,-0.375,-0.02,-0.036,0.015
27.63,-1.62,-4.326,-0.373,-0.02,-0.036,0.015
27.695,-1.62,-4.341,-0.364,-0.02,-0.059,0.017
27.754,-1.62,-4.403,-0.364,-0.02,-0.125,0.019
27.81,-2.08,-4.502,-0.368,-0.11,-0.218,0.017
27.875,-2.08,-4.657,-0.368,-0.11,-0.402,0.004
27.938,-3.16,-4.885,-0.32,-0.11,-0.62,0.006
28.0,-3.16,-5.247,-0.32,-0.11,-0.654,0.019
28.063,-3.16,-5.743,-0.334,-0.11,-0.656,0.021
28.123,-4.59,-6.272,-0.345,-0.11,-0.656,0.028
28.184,-4.59,-6.805,-0.353,-0.11,-0.654,0.028
28.248,-4.59,-7.345,-0.36,-0.11,-0.66,0.021
28.311,-6.06,-7.872,-0.377,-0.11,-0.663,0.013
28.375,-6.06,-8.41,-0.392,-0.11,-0.66,0.013
28.433,-7.58,-9.002,-0.411,-0.11,-0.66,0.011
28.498,-7.58,-9.548,-0.419,-0.11,-0.66,0.013
28.562,-7.58,-10.065,-0.425,-0.11,-0.66,0.013
28.622,-9.12,-10.579,-0.451,-0.11,-0.665,0.013
28.686,-9.12,-11.174,-0.47,-0.11,-0.667,0.019
28.749,-9.12,-11.786,-0.478,-0.11,-0.667,0.019
28.809,-10.65,-12.241,-0.483,-0.11,-0.667,0.021
28.871,-10.65,-12.766,-0.489,-0.11,-0.667,0.021
28.933,-10.65,-13.316,-0.493,-0.11,-0.669,0.021
28.993,-12.48,-13.854,-0.502,-0.11,-0.669,0.019
29.058,-12.48,-14.203,-0.495,-0.11,-0.671,0.019
29.122,-12.48,-14.563,-0.5,-0.11,-0.684,0.023
29.183,-13.05,-14.563,-0.5,-0.11,-0.692,0.019
29.246,-13.05,-14.563,-0.5,-0.11,-0.701,0.021
29.307,-13.05,-14.563,-0.5,-0.11,-0.703,0.021
29.378,-13.07,-14.563,-0.5,-0.11,-0.703,0.021
29.444,-13.07,-14.563,-0.5,-0.11,-0.703,0.021
29.505,-13.09,-14.563,-0.5,-0.11,-0.705,0.019
29.556,-13.09,-14.563,-0.5,-0.11,-0.707,0.021
29.632,-13.09,-14.563,-0.5,-0.11,-0.718,0.032
29.681,-13.1,-14.563,-0.5,-0.11,-0.718,0.032
29.746,-13.1,-14.563,-0.5,-0.11,-0.718,0.032
29.815,-13.1,-14.563,-0.5,-0.11,-0.718,0.032
29.873,-13.1,-14.563,-0.5,-0.11,-0.718,0.032
29.937,-13.1,-14.563,-0.5,-0.11,-0.718,0.032
29.999,-13.1,-14.563,-0.5,-0.11,-0.718,0.032
30.063,-13.1,-14.563,-0.5,-0.11,-0.718,0.032
30.124,-13.1,-14.563,-0.5,-0.11,-0.718,0.032
30.185,-13.1,-14.563,-0.5,-0.11,-0.72,0.032
30.246,-13.1,-14.563,-0.5,-0.11,-0.72,0.032
30.31,-13.1,-14.563,-0.5,-0.11,-0.72,0.032
30.37,-13.1,-14.563,-0.5,-0.11,-0.72,0.032
30.434,-13.1,-14.563,-0.5,-0.11,-0.72,0.032
30.495,-13.1,-14.563,-0.5,-0.11,-0.72,0.032
30.558,-13.1,-14.563,-0.5,-0.11,-0.72,0.032
30.621,-13.1,-14.563,-0.5,-0.11,-0.705,0.04
30.681,-13.1,-14.565,-0.5,-0.11,-0.639,0.044
30.755,-12.65,-14.514,-0.512,-0.02,-0.421,0.044
30.806,-12.65,-14.359,-0.506,-0.02,-0.273,0.036
30.868,-12.65,-14.239,-0.506,-0.02,-0.15,0.025
30.931,-11.52,-13.911,-0.525,-0.02,-0.114,0.019
30.993,-11.52,-13.335,-0.531,-0.02,-0.114,0.019
31.056,-9.85,-12.797,-0.538,-0.02,-0.114,0.021
31.121,-9.85,-12.232,-0.54,-0.02,-0.114,0.021
31.194,-9.85,-11.546,-0.536,-0.02,-0.112,0.019
31.249,-8.29,-11.055,-0.533,-0.02,-0.112,0.019
31.312,-8.29,-10.513,-0.527,-0.02,-0.112,0.019
31.38,-8.29,-9.891,-0.516,-0.02,-0.11,0.019
31.431,-6.76,-9.491,-0.519,-0.02,-0.11,0.019
31.507,-6.76,-8.774,-0.516,-0.02,-0.112,0.019
31.57,-6.76,-8.2,-0.514,-0.02,-0.112,0.021
31.632,-5.24,-7.681,-0.506,-0.02,-0.112,0.021
31.693,-5.24,-7.127,-0.491,-0.02,-0.112,0.021
31.745,-3.73,-6.636,-0.485,-0.02,-0.112,0.019
31.809,-3.73,-6.081,-0.472,-0.02,-0.114,0.019
31.873,-3.73,-5.628,-0.474,-0.02,-0.112,0.019
31.937,-2.15,-5.273,-0.455,-0.02,-0.11,0.017
31.999,-2.15,-4.727,-0.451,-0.02,-0.102,0.017
32.058,-2.15,-4.375,-0.434,-0.02,-0.093,0.019
32.12,-1.62,-4.276,-0.432,-0.02,-0.072,0.019
32.184,-1.62,-4.246,-0.43,-0.02,-0.066,0.019
32.246,-1.62,-4.246,-0.43,-0.02,-0.066,0.019
32.306,-1.58,-4.246,-0.43,-0.02,-0.066,0.019
32.37,-1.58,-4.244,-0.43,-0.02,-0.066,0.019
32.433,-1.58,-4.242,-0.43,-0.02,-0.059,0.019
32.493,-1.56,-4.242,-0.43,-0.02,-0.051,0.011
32.561,-1.56,-4.235,-0.43,-0.02,-0.051,0.011
32.629,-1.56,-4.233,-0.43,-0.02,-0.049,0.011
32.688,-1.56,-4.233,-0.43,-0.02,-0.049,0.011
32.751,-1.56,-4.231,-0.43,-0.02,-0.049,0.011
32.813,-1.56,-4.231,-0.43,-0.02,-0.047,0.011
32.877,-1.56,-4.229,-0.43,-0.02,-0.047,0.011
32.937,-1.56,-4.246,-0.425,-0.02,-0.07,0.013
33.0,-1.56,-4.297,-0.419,-0.02,-0.131,0.013
33.057,-2.0,-4.398,-0.43,-0.11,-0.212,0.004
33.127,-2.0,-4.604,-0.43,-0.11,-0.43,-0.004
33.185,-3.16,-4.798,-0.392,-0.11,-0.639,0.013
33.248,-3.16,-5.146,-0.379,-0.11,-0.658,0.019
33.316,-3.16,-5.743,-0.383,-0.11,-0.663,0.017
33.376,-4.72,-6.236,-0.387,-0.11,-0.654,0.006
33.44,-4.72,-6.754,-0.392,-0.11,-0.663,0.021
33.503,-4.72,-7.292,-0.392,-0.11,-0.654,0.015
33.563,-6.19,-7.781,-0.402,-0.11,-0.667,0.015
33.619,-6.19,-8.217,-0.406,-0.11,-0.671,0.019
33.684,-6.19,-8.778,-0.421,-0.11,-0.665,0.013
33.744,-7.68,-9.305,-0.428,-0.11,-0.669,0.006
33.81,-7.68,-9.787,-0.438,-0.11,-0.673,0.008
33.872,-8.21,-10.014,-0.442,-0.11,-0.686,0.015
33.935,-8.21,-10.052,-0.442,-0.11,-0.684,0.015
33.996,-8.21,-10.031,-0.447,-0.11,-0.665,0.019
34.058,-7.77,-9.917,-0.453,-0.11,-0.569,0.021
34.121,-7.77,-9.728,-0.461,-0.04,-0.356,0.03
34.182,-7.77,-9.586,-0.459,-0.04,-0.229,0.032
34.244,-6.82,-9.415,-0.457,-0.04,-0.061,0.03
34.305,-6.82,-8.939,-0.451,-0.02,-0.114,0.025
34.369,-5.31,-8.382,-0.451,-0.02,-0.119,0.021
34.436,-5.31,-7.81,-0.428,-0.02,-0.116,0.019
34.504,-5.31,-7.15,-0.398,-0.02,-0.119,0.019
34.561,-3.83,-6.665,-0.381,-0.02,-0.119,0.019
34.625,-3.83,-6.115,-0.379,-0.02,-0.119,0.017
34.688,-3.83,-5.723,-0.379,-0.02,-0.116,0.019
34.754,-2.38,-5.423,-0.36,-0.02,-0.114,0.013
34.81,-2.38,-4.921,-0.36,-0.02,-0.11,0.013
34.87,-2.38,-4.365,-0.322,-0.02,-0.108,0.013
34.932,-0.93,-3.823,-0.313,-0.02,-0.104,0.013
34.995,-0.93,-3.414,-0.315,-0.02,-0.097,0.017
35.056,-0.4,-3.283,-0.328,-0.02,-0.083,0.015
35.125,-0.4,-3.255,-0.326,-0.02,-0.083,0.017
35.182,-0.4,-3.253,-0.326,-0.02,-0.074,0.017
35.249,-0.38,-3.251,-0.328,-0.02,-0.07,0.017
35.313,-0.38,-3.247,-0.326,-0.02,-0.068,0.017
35.383,-0.38,-3.245,-0.322,-0.02,-0.068,0.017
35.441,-0.36,-3.245,-0.32,-0.02,-0.068,0.017
35.504,-0.36,-3.245,-0.32,-0.02,-0.068,0.017
35.57,-0.36,-3.245,-0.322,-0.02,-0.068,0.017
35.631,-0.36,-3.245,-0.324,-0.02,-0.068,0.017
35.696,-0.36,-3.26,-0.32,-0.02,-0.087,0.019
35.744,-0.36,-3.274,-0.32,-0.02,-0.106,0.019
35.808,-0.7,-3.389,-0.296,-0.1,-0.222,0.019
35.878,-0.7,-3.554,-0.286,-0.1,-0.379,0.006
35.937,-1.75,-3.787,-0.277,-0.1,-0.624,0.006
36.002,-1.75,-4.138,-0.292,-0.11,-0.675,0.023
36.068,-1.75,-4.655,-0.326,-0.11,-0.671,0.017
36.123,-3.22,-5.146,-0.373,-0.11,-0.66,0.019
36.18,-3.22,-5.626,-0.37,-0.11,-0.665,0.023
36.25,-3.22,-6.2,-0.383,-0.11,-0.671,0.017
36.318,-4.69,-6.771,-0.385,-0.11,-0.667,0.017
36.368,-4.69,-7.201,-0.385,-0.11,-0.669,0.015
36.433,-6.17,-7.692,-0.389,-0.11,-0.669,0.008
36.497,-6.17,-8.242,-0.396,-0.11,-0.679,0.013
36.561,-6.17,-8.496,-0.396,-0.11,-0.673,0.017
36.622,-6.17,-8.475,-0.4,-0.11,-0.654,0.025
36.685,-6.17,-8.293,-0.411,-0.06,-0.466,0.028
36.744,-6.17,-8.109,-0.415,-0.06,-0.298,0.034
36.817,-5.14,-7.959,-0.415,-0.06,-0.133,0.03
36.868,-5.14,-7.626,-0.394,-0.02,-0.133,0.023
36.932,-5.14,-7.118,-0.383,-0.02,-0.133,0.019
36.995,-3.71,-6.581,-0.383,-0.02,-0.131,0.017
37.07,-3.71,-5.973,-0.379,-0.02,-0.131,0.015
37.122,-2.25,-5.8,-0.37,-0.02,-0.127,0.013
37.186,-2.25,-5.271,-0.368,-0.02,-0.121,0.013
37.252,-2.25,-4.659,-0.343,-0.02,-0.121,0.006
37.311,-0.69,-4.163,-0.334,-0.02,-0.119,0.006
37.375,-0.69,-3.626,-0.322,-0.02,-0.119,0.006
37.438,-0.69,-3.09,-0.267,-0.02,-0.119,0.006
37.499,0.84,-2.561,-0.26,-0.02,-0.116,0.006
37.561,0.84,-2.043,-0.246,-0.02,-0.106,0.006
37.624,0.84,-1.767,-0.246,-0.02,-0.089,0.006
37.68,1.35,-1.702,-0.243,-0.02,-0.085,0.008
37.743,1.35,-1.689,-0.241,-0.02,-0.078,0.006
37.808,1.35,-1.681,-0.239,-0.02,-0.064,0.006
37.87,1.39,-1.679,-0.239,-0.02,-0.061,0.006
37.946,1.39,-1.679,-0.239,-0.02,-0.061,0.006
38.017,1.41,-1.679,-0.239,-0.02,-0.061,0.006
38.083,1.41,-1.679,-0.239,-0.02,-0.059,0.006
38.145,1.41,-1.67,-0.239,-0.02,-0.053,0.004
38.207,1.41,-1.668,-0.239,-0.02,-0.053,0.004
38.269,1.41,-1.668,-0.239,-0.02,-0.051,0.004
38.323,1.43,-1.668,-0.239,-0.02,-0.051,0.004
38.385,1.43,-1.668,-0.239,-0.02,-0.051,0.004
38.452,1.43,-1.668,-0.239,-0.02,-0.051,0.004
38.515,1.43,-1.668,-0.239,-0.02,-0.051,0.004
38.715,1.43,-1.666,-0.239,-0.02,-0.051,0.004
38.764,1.43,-1.666,-0.239,-0.02,-0.051,0.004
38.826,1.43,-1.666,-0.239,-0.02,-0.051,0.004
38.889,1.43,-1.666,-0.239,-0.02,-0.051,0.006
38.947,1.43,-1.666,-0.239,-0.02,-0.051,0.006
39.009,1.45,-1.666,-0.239,-0.02,-0.051,0.006
39.072,1.45,-1.666,-0.239,-0.02,-0.051,0.006
39.134,1.45,-1.664,-0.239,-0.02,-0.051,0.006
39.202,1.45,-1.664,-0.239,-0.02,-0.051,0.006
39.265,1.45,-1.664,-0.239,-0.02,-0.049,0.006
39.333,1.45,-1.664,-0.239,-0.02,-0.049,0.006
39.392,1.45,-1.664,-0.239,-0.02,-0.049,0.008
39.458,1.45,-1.662,-0.239,-0.02,-0.047,0.008
39.522,1.45,-1.662,-0.239,-0.02,-0.047,0.008
39.583,1.47,-1.662,-0.239,-0.02,-0.044,0.008
39.646,1.47,-1.662,-0.239,-0.02,-0.044,0.008
39.697,1.47,-1.662,-0.239,-0.02,-0.044,0.008
39.76,1.47,-1.662,-0.239,-0.02,-0.042,0.008
39.832,1.47,-1.662,-0.239,-0.02,-0.042,0.008
39.888,1.47,-1.662,-0.239,-0.02,-0.042,0.008
39.953,1.47,-1.662,-0.239,-0.02,-0.042,0.008
40.017,1.47,-1.662,-0.239,-0.02,-0.042,0.008
40.079,1.47,-1.662,-0.239,-0.02,-0.042,0.008
40.139,1.47,-1.662,-0.239,-0.02,-0.042,0.008
40.201,1.47,-1.662,-0.239,-0.02,-0.042,0.008
40.264,1.47,-1.662,-0.239,-0.02,-0.042,0.008
40.325,1.47,-1.662,-0.239,-0.02,-0.042,0.008
40.385,1.47,-1.662,-0.239,-0.02,-0.042,0.008
40.448,1.47,-1.662,-0.239,-0.02,-0.042,0.008
40.508,1.47,-1.662,-0.239,-0.02,-0.042,0.008
40.576,1.47,-1.662,-0.239,-0.02,-0.042,0.008
40.646,1.47,-1.662,-0.239,-0.02,-0.042,0.008
40.709,1.47,-1.662,-0.239,-0.02,-0.042,0.008
40.768,1.47,-1.662,-0.239,-0.02,-0.042,0.008
40.833,1.47,-1.662,-0.239,-0.02,-0.04,0.008
40.896,1.47,-1.662,-0.239,-0.02,-0.04,0.008
40.953,1.47,-1.662,-0.239,-0.02,-0.04,0.008
41.014,1.47,-1.662,-0.239,-0.02,-0.04,0.008
41.073,1.47,-1.662,-0.239,-0.02,-0.04,0.008
41.137,1.47,-1.662,-0.239,-0.02,-0.04,0.008
41.201,1.47,-1.662,-0.239,-0.02,-0.04,0.008
41.266,1.47,-1.662,-0.239,-0.02,-0.04,0.008
41.321,1.47,-1.662,-0.239,-0.02,-0.04,0.008
41.389,1.47,-1.662,-0.239,-0.02,-0.04,0.008
41.455,1.47,-1.662,-0.239,-0.02,-0.04,0.008
41.509,1.47,-1.662,-0.239,-0.02,-0.04,0.008
41.576,1.47,-1.662,-0.239,-0.02,-0.04,0.008
41.64,1.47,-1.662,-0.239,-0.02,-0.04,0.008
41.702,1.47,-1.662,-0.239,-0.02,-0.04,0.008
41.761,1.47,-1.662,-0.239,-0.02,-0.04,0.008
